_id,bg_id,category,filename,id,obj,rxy,rxy_semantic,rxz,rxz_semantic,ryz,ryz_semantic,s,size,ty,tz,var,category_id,obj_id,file_exists,split,location
dd6a8601cd560aa66446e6b7418164c1e2bbc0c1_V6,dd6a8601cd560aa66446e6b7418164c1e2bbc0c1,Cars,/Users/xiaoxuan/Downloads/original/HvM_with_discfade/Variation06_20110131/clio_rx-41.921_ry+82.770_rz+44.907_tx-00.318_ty+00.070_s+00.773_dd6a8601cd560aa66446e6b7418164c1e2bbc0c1_256x256.png,7ec8991c8c1536bdd58b68618ebba7d2024f7176,clio,0.9203437503474192,172.76999999999998,-0.4660070042804016,-41.92100000000001,0.2656860675199255,44.907,-0.6964102564102564,256.0,-0.318,0.07,6,2,6,True,train,3
4e334fbdcc95c02bf91df4b462dd01d9385db8e4_V3,4e334fbdcc95c02bf91df4b462dd01d9385db8e4,Faces,/Users/xiaoxuan/Downloads/original/HvM_with_discfade/Variation03_20110128/face0004_rx+28.029_ry-24.737_rz-38.922_tx-00.126_ty-00.412_s+00.950_4e334fbdcc95c02bf91df4b462dd01d9385db8e4_256x256.png,2974ee4b19c1f51db9525a14cb57ab74aada5ea8,face0004,-0.2748557515925691,-24.737,0.3116904775140261,28.029,-0.2331496609890541,-38.922,0.153846153846153,256.0,-0.126,-0.412,3,4,3,True,train,2
0370362c70b146979616f5c9e87ac3e08fa4d1b1_V6,0370362c70b146979616f5c9e87ac3e08fa4d1b1,Cars,/Users/xiaoxuan/Downloads/original/HvM_with_discfade/Variation06_20110131/clio_rx-53.896_ry-00.947_rz-72.661_tx-00.048_ty+01.175_s+00.673_0370362c70b146979616f5c9e87ac3e08fa4d1b1_256x256.png,a73f569d036d55bd9c3c0782e462a465e208a9f3,clio,-0.0103725444418504,89.053,-0.5991439212852375,-53.896,-0.4339181139607521,-72.66100000000002,-0.9015384615384616,256.0,-0.048,1.175,6,2,6,True,train,3
12169effa85be931045b825d434aafa78a369af8_V3,12169effa85be931045b825d434aafa78a369af8,Fruits,/Users/xiaoxuan/Downloads/original/HvM_with_discfade/Variation03_20110128/Apple_Fruit_obj_rx-106.135_ry-01.636_rz-43.523_tx+00.045_ty-00.191_s+00.590_12169effa85be931045b825d434aafa78a369af8_256x256.png,f73edb37c812cacb1deff6adde0e49c88a5e52e5,Apple_Fruit_obj,0.0054165681723759,0.4732148905370572,-0.179245577979619,-16.12824351137604,-0.2503943225283574,-41.8199534735797,-0.5531135531135533,256.0,0.045,-0.191,3,5,0,True,train,0
27f4c815ac306641a02560077ccd29d540dbf256_V3,27f4c815ac306641a02560077ccd29d540dbf256,Planes,/Users/xiaoxuan/Downloads/original/HvM_with_discfade/Variation03_20110128/mig29_rx-20.548_ry-24.246_rz-15.006_tx+00.184_ty+00.451_s+01.474_27f4c815ac306641a02560077ccd29d540dbf256_256x256.png,592f6ccf41a8e229da5d4bc4f217baf440ea13ef,mig29,-0.2693971028026993,65.754,-0.2283840124520627,-20.548,-0.0908342894228806,-15.006,0.0437869822485201,256.0,0.184,0.451,3,6,5,True,train,1
d5a0602a293265c0c587647bc9953ff2ab15c2b6_V6,d5a0602a293265c0c587647bc9953ff2ab15c2b6,Animals,/Users/xiaoxuan/Downloads/original/HvM_with_discfade/Variation06_20110131/LIONESS_rx-17.735_ry+43.568_rz-83.391_tx+00.235_ty+00.443_s+01.186_d5a0602a293265c0c587647bc9953ff2ab15c2b6_256x256.png,f03a6bddecc03c157f69aa5f62519dc71c0e8059,LIONESS,0.4845190052140657,133.56799999999998,-0.1971093445994862,-17.735,-0.4977684207388521,-83.391,0.7589743589743583,256.0,0.235,0.443,6,0,2,True,train,1
8c301dfd5070ce97f797f2e7b5c7856459a61e91_V3,8c301dfd5070ce97f797f2e7b5c7856459a61e91,Boats,/Users/xiaoxuan/Downloads/original/HvM_with_discfade/Variation03_20110128/CGTG_L_rx+25.342_ry+22.842_rz+29.699_tx+00.271_ty+00.207_s+01.378_8c301dfd5070ce97f797f2e7b5c7856459a61e91_256x256.png,54d03ff0b89551b21ce80c6cd54f8014d2fe10a9,CGTG_L,0.2540995452978909,112.842,0.2818166657401644,25.341999999999995,0.1751888200379734,29.699,0.0735042735042728,256.0,0.271,0.207,3,1,1,True,train,1
53bdbd64d21df2fc954b8109443523f9425536cf_V0,53bdbd64d21df2fc954b8109443523f9425536cf,Boats,/Users/xiaoxuan/Downloads/original/HvM_with_discfade/Variation00_20110203/cruiser_rx+00.000_ry+90.000_rz+00.000_tx+00.000_ty+00.000_s+01.200_53bdbd64d21df2fc954b8109443523f9425536cf_256x256.png,faed79b890348a6f419c54d6681608d1cd0c13a5,cruiser,0.0001556437536824,90.0,6.670743231040888e-05,0.0,-0.0015390700834425,-0.0,-0.230769230769231,256.0,0.0,0.0,0,1,5,True,train,4
52d88d1b0c95e82a642dacb1854b1c06f4f7b954_V6,52d88d1b0c95e82a642dacb1854b1c06f4f7b954,Cars,/Users/xiaoxuan/Downloads/original/HvM_with_discfade/Variation06_20110131/z3_rx+68.439_ry+85.425_rz-72.142_tx-00.165_ty+00.450_s+01.419_52d88d1b0c95e82a642dacb1854b1c06f4f7b954_256x256.png,d8eb454f67f1a167d7fd85b3d0f5044e7fe9deec,z3,0.9498604764922344,175.425,0.7609650341875478,68.439,-0.4308297347233024,-72.142,0.6287179487179482,256.0,-0.165,0.45,6,2,7,True,train,3
1dcc93eaa9cfafa81d370cb23c1037415d8ac845_V3,1dcc93eaa9cfafa81d370cb23c1037415d8ac845,Boats,/Users/xiaoxuan/Downloads/original/HvM_with_discfade/Variation03_20110128/BAHRAIN_rx-19.114_ry-40.672_rz+18.483_tx+00.084_ty-00.478_s+01.354_1dcc93eaa9cfafa81d370cb23c1037415d8ac845_256x256.png,5be846da7302444dea33bde954edc9360b6cf9c8,BAHRAIN,-0.4520116955163482,49.328,-0.2124409361276423,-19.114,0.108446504956597,18.483,0.0324786324786323,256.0,0.084,-0.478,3,1,0,True,train,0
77e577e9600e9eb87689ee6afb0952ece7db78d0_V3,77e577e9600e9eb87689ee6afb0952ece7db78d0,Boats,/Users/xiaoxuan/Downloads/original/HvM_with_discfade/Variation03_20110128/CGTG_L_rx+28.194_ry+32.511_rz-39.622_tx-00.125_ty+00.308_s+01.456_77e577e9600e9eb87689ee6afb0952ece7db78d0_256x256.png,feb2281e5fd2d7c5046a8e8ebb2d6b72b0558ddc,CGTG_L,0.3615937920377101,122.511,0.3135249319028192,28.194000000000003,-0.2373151050472713,-39.622,0.2068376068376065,256.0,-0.125,0.308,3,1,1,True,train,3
e5c222f736149605318c8cad208de9fef7b0f473_V3,e5c222f736149605318c8cad208de9fef7b0f473,Faces,/Users/xiaoxuan/Downloads/original/HvM_with_discfade/Variation03_20110128/face0007_rx-09.924_ry+41.120_rz+38.946_tx-00.229_ty+00.138_s+00.777_e5c222f736149605318c8cad208de9fef7b0f473_256x256.png,750a5231f44e225415b228c4fe40bdac38bfb8e3,face0007,0.4573035831415577,41.11999999999999,-0.1102673856245572,-9.924,0.2302143360470221,38.946,-0.28974358974359,256.0,-0.229,0.138,3,4,6,True,train,3
958ccc0e242e726aa30dfb30363c2ca354ed2b6e_V0,958ccc0e242e726aa30dfb30363c2ca354ed2b6e,Faces,/Users/xiaoxuan/Downloads/original/HvM_with_discfade/Variation00_20110203/face0006_rx+00.000_ry+00.000_rz+00.000_tx+00.000_ty+00.000_s+00.800_958ccc0e242e726aa30dfb30363c2ca354ed2b6e_256x256.png,d7efac271ed7805cde8ee483970d3e3881db4033,face0006,0.0001556437536824,-0.0,6.670743231040888e-05,0.0,-0.0015390700834425,-0.0,-0.230769230769231,256.0,0.0,0.0,0,4,5,True,train,4
f30398d25c89c8d7cc54fe74a083d1f38f925545_V6,f30398d25c89c8d7cc54fe74a083d1f38f925545,Boats,/Users/xiaoxuan/Downloads/original/HvM_with_discfade/Variation06_20110131/cruiser_rx+34.502_ry+111.388_rz+76.862_tx-00.261_ty-00.841_s+01.591_f30398d25c89c8d7cc54fe74a083d1f38f925545_256x256.png,5dd0fd75ed1ad1a320b14b752c700e4c6394b14a,cruiser,0.2379348297368508,111.388,0.3836566790816507,34.501999999999995,0.4558385887775384,76.862,0.4376068376068374,256.0,-0.261,-0.841,6,1,5,True,train,2
230f0732257caddf3c9a6434076e6e847165a6c2_V0,230f0732257caddf3c9a6434076e6e847165a6c2,Fruits,/Users/xiaoxuan/Downloads/original/HvM_with_discfade/Variation00_20110203/Pear_obj_rx-90.000_ry+00.000_rz+00.000_tx+00.000_ty+00.000_s+00.700_230f0732257caddf3c9a6434076e6e847165a6c2_256x256.png,ae32e13e6d3cc2d95f1309815061c9fa4f1a397c,Pear_obj,0.0001556437536824,-0.0,6.670743231040888e-05,0.0,-0.0015390700834425,-0.0,-0.230769230769231,256.0,0.0,0.0,0,5,3,True,train,4
b421278de125ca5cfcba2240e17f0e2976f58cc6_V6,b421278de125ca5cfcba2240e17f0e2976f58cc6,Planes,/Users/xiaoxuan/Downloads/original/HvM_with_discfade/Variation06_20110131/f16_rx-81.471_ry-70.132_rz+38.966_tx+00.059_ty+01.064_s+02.032_b421278de125ca5cfcba2240e17f0e2976f58cc6_256x256.png,f60f971418c5db9aa95bc6682bbbeeb02c6824a4,f16,-0.7795306229085371,19.86800000000001,-0.9057201623214256,-81.471,0.2303333487343997,38.966,0.9242603550295851,256.0,0.059,1.064,6,6,3,True,train,1
276d2830e714bc4ece0dd0d6e5b215f80f45825b_V6,276d2830e714bc4ece0dd0d6e5b215f80f45825b,Boats,/Users/xiaoxuan/Downloads/original/HvM_with_discfade/Variation06_20110131/CGTG_L_rx+65.861_ry+70.029_rz+35.336_tx+00.163_ty-00.570_s+00.872_276d2830e714bc4ece0dd0d6e5b215f80f45825b_256x256.png,053fcc56876ea33298686014f3fc463b1e9d82f5,CGTG_L,0.7786968170852371,160.02900000000002,0.7323030741008281,65.861,0.2087325459753592,35.336,-0.7914529914529915,256.0,0.163,-0.57,6,1,1,True,train,0
a6ee64417e4680e214741a1ef6de0a62d0c36537_V3,a6ee64417e4680e214741a1ef6de0a62d0c36537,Boats,/Users/xiaoxuan/Downloads/original/HvM_with_discfade/Variation03_20110128/support_rx+24.936_ry+92.145_rz+24.474_tx+00.011_ty-00.487_s+01.229_a6ee64417e4680e214741a1ef6de0a62d0c36537_256x256.png,14b6a5b3d52a6b55d548f37eb0fabf161f882708,support,0.024002490300059,-87.85499999999999,0.2773027961531946,24.936,0.1440967554605667,24.474,-0.181196581196581,256.0,0.011,-0.487,3,1,7,True,train,0
a18b32ee5064d5dc99fbf9a08b4c2177e06d6870_V6,a18b32ee5064d5dc99fbf9a08b4c2177e06d6870,Boats,/Users/xiaoxuan/Downloads/original/HvM_with_discfade/Variation06_20110131/CGTG_L_rx-38.163_ry-00.293_rz-86.410_tx+00.566_ty+00.294_s+01.051_a18b32ee5064d5dc99fbf9a08b4c2177e06d6870_256x256.png,d83fd2a877d160608adbb5042ffb2fef95b8493c,CGTG_L,-0.0031017576626756,89.707,-0.4242259158374644,-38.163,-0.5157333858985058,-86.41,-0.4854700854700856,256.0,0.566,0.294,6,1,1,True,train,1
83a4f8c692d043d0c7b11ec2a8380ced6e617c52_V0,83a4f8c692d043d0c7b11ec2a8380ced6e617c52,Cars,/Users/xiaoxuan/Downloads/original/HvM_with_discfade/Variation00_20110203/bmw325_rx+00.000_ry+00.000_rz+00.000_tx+00.000_ty+00.000_s+01.000_83a4f8c692d043d0c7b11ec2a8380ced6e617c52_256x256.png,113b585bd0cdcd8be1e898dcaaa694e969e11e0e,bmw325,0.0001556437536824,90.0,6.670743231040888e-05,0.0,-0.0015390700834425,-0.0,-0.230769230769231,256.0,0.0,0.0,0,2,3,True,train,4
14cb02d6e972affbc0062bd53de69f271fb888e1_V3,14cb02d6e972affbc0062bd53de69f271fb888e1,Cars,/Users/xiaoxuan/Downloads/original/HvM_with_discfade/Variation03_20110128/astra_rx-39.330_ry+16.372_rz-14.782_tx+00.071_ty-00.035_s+01.163_14cb02d6e972affbc0062bd53de69f271fb888e1_256x256.png,6152ff6bb752038381e8b01dd957c30decb3d929,astra,0.1821698962745555,106.372,-0.4372005114236558,-39.32999999999999,-0.0895013473242511,-14.782,0.1035897435897432,256.0,0.071,-0.035,3,2,2,True,train,0
9981a8e22be2765690022943e887a529900ae4d1_V6,9981a8e22be2765690022943e887a529900ae4d1,Faces,/Users/xiaoxuan/Downloads/original/HvM_with_discfade/Variation06_20110131/face0001_rx+57.321_ry-49.639_rz+89.176_tx-00.478_ty+00.818_s+00.617_9981a8e22be2765690022943e887a529900ae4d1_256x256.png,53e83d460e0886620170feefe322eb3bd8de02de,face0001,-0.5517015197500807,-49.639,0.6373561620990493,57.320999999999984,0.5291147003959471,89.176,-0.7000000000000002,256.0,-0.478,0.818,6,4,0,True,train,3
710930fa3b53c88079df00e51c2708cdaa36cab5_V6,710930fa3b53c88079df00e51c2708cdaa36cab5,Animals,/Users/xiaoxuan/Downloads/original/HvM_with_discfade/Variation06_20110131/ELEPHANT_M_rx+65.120_ry+88.545_rz-57.932_tx-00.179_ty-00.506_s+01.054_710930fa3b53c88079df00e51c2708cdaa36cab5_256x256.png,1deab4537aa26a5b31c5124688eff130ac918847,ELEPHANT_M,0.9845467987415089,178.545,0.724064706209339,65.12000000000002,-0.3462712203414942,-57.932,0.4205128205128199,256.0,-0.179,-0.506,6,0,0,True,train,2
6ab976b1fcba87223f762f2fb89abf854e089651_V3,6ab976b1fcba87223f762f2fb89abf854e089651,Faces,/Users/xiaoxuan/Downloads/original/HvM_with_discfade/Variation03_20110128/face0007_rx+23.347_ry-24.149_rz+18.787_tx-00.292_ty+00.106_s+00.634_6ab976b1fcba87223f762f2fb89abf854e089651_256x256.png,efdf93b73ba7901b3ce498badb6e6417dcb54df6,face0007,-0.2683187139378982,-24.149,0.2596364444938472,23.347,0.1102554978047369,18.786999999999995,-0.6564102564102565,256.0,-0.292,0.106,3,4,6,True,train,3
e1ec1d9bef07caf6e24b81e1275eea5ae9229157_V6,e1ec1d9bef07caf6e24b81e1275eea5ae9229157,Planes,/Users/xiaoxuan/Downloads/original/HvM_with_discfade/Variation06_20110131/junkers88_rx-08.291_ry+43.373_rz-70.561_tx+00.075_ty+00.261_s+01.017_e1ec1d9bef07caf6e24b81e1275eea5ae9229157_256x256.png,71f56315f1802e809649019ad438c868d0dabf58,junkers88,0.4823511100734863,133.37300000000002,-0.0921118461281984,-8.291,-0.4214217817861004,-70.56099999999999,-0.6773175542406313,256.0,0.075,0.261,6,6,4,True,train,1
9ab1d37c852202692c62b76bf1344e8e9122a8c5_V3,9ab1d37c852202692c62b76bf1344e8e9122a8c5,Boats,/Users/xiaoxuan/Downloads/original/HvM_with_discfade/Variation03_20110128/cruiser_rx+01.802_ry+79.428_rz+32.801_tx+00.131_ty+00.349_s+01.475_9ab1d37c852202692c62b76bf1344e8e9122a8c5_256x256.png,8bac49738ba85900e6395d8d2a75d0e53efa64b5,cruiser,-0.1173776250986671,79.428,0.020101172939009,1.8020000000000005,0.1936476878502442,32.801,0.2393162393162391,256.0,0.131,0.349,3,1,5,True,train,1
79b47f4e3144da22ec36698af36a2d95054e19c0_V3,79b47f4e3144da22ec36698af36a2d95054e19c0,Faces,/Users/xiaoxuan/Downloads/original/HvM_with_discfade/Variation03_20110128/face0006_rx+18.566_ry-18.008_rz+21.727_tx+00.287_ty+00.560_s+00.771_79b47f4e3144da22ec36698af36a2d95054e19c0_256x256.png,dd6a74220bd0d0e36a132908f4c0b3630eab808e,face0006,-0.2000466931261048,-18.007999999999996,0.2064817388403925,18.566,0.1277503628492489,21.727,-0.3051282051282054,256.0,0.287,0.56,3,4,5,True,train,1
461e80d4a5c38f19d7c2c2b0e2976b0308d68203_V0,461e80d4a5c38f19d7c2c2b0e2976b0308d68203,Animals,/Users/xiaoxuan/Downloads/original/HvM_with_discfade/Variation00_20110203/LIONESS_rx+00.000_ry+00.000_rz+00.000_tx+00.000_ty+00.000_s+00.800_461e80d4a5c38f19d7c2c2b0e2976b0308d68203_256x256.png,dee78dd46699a3bbac0d9e032b588b1ff7363608,LIONESS,0.0001556437536824,90.0,6.670743231040888e-05,0.0,-0.0015390700834425,-0.0,-0.230769230769231,256.0,0.0,0.0,0,0,2,True,train,4
8009d5ea4cade13666e3a2a991612ba6458d2d5c_V3,8009d5ea4cade13666e3a2a991612ba6458d2d5c,Fruits,/Users/xiaoxuan/Downloads/original/HvM_with_discfade/Variation03_20110128/Pear_obj_rx-82.217_ry+39.675_rz-25.553_tx-00.168_ty+00.062_s+00.801_8009d5ea4cade13666e3a2a991612ba6458d2d5c_256x256.png,97810d27947a7687cdaf65c7e456034d99d89fef,Pear_obj,0.0555989938670051,4.987073899343237,0.0665836488769442,5.982866298237592,-0.3912388430542396,-65.48877797108487,0.0652014652014649,256.0,-0.168,0.062,3,5,3,True,train,3
dc08c002ce47e9f26406350af9a9c1c6b8dabd1e_V3,dc08c002ce47e9f26406350af9a9c1c6b8dabd1e,Cars,/Users/xiaoxuan/Downloads/original/HvM_with_discfade/Variation03_20110128/bora_a_rx+04.285_ry-30.434_rz+24.829_tx-00.182_ty+00.087_s+01.208_dc08c002ce47e9f26406350af9a9c1c6b8dabd1e_256x256.png,3dab2dcd361ace332cff7b6e30fca2ca953c7741,bora_a,-0.3381916419304273,59.566,0.0477069320139991,4.285000000000001,0.1462092306615199,24.829,0.1958974358974354,256.0,-0.182,0.087,3,2,4,True,train,3
bd191c499831d0752b337c3001bd41eb66d014b2_V3,bd191c499831d0752b337c3001bd41eb66d014b2,Planes,/Users/xiaoxuan/Downloads/original/HvM_with_discfade/Variation03_20110128/f16_rx-03.849_ry-09.458_rz+28.508_tx-00.219_ty-00.193_s+01.528_bd191c499831d0752b337c3001bd41eb66d014b2_256x256.png,b5975f37868e33e718b59e9f2242f0373c4f79f8,f16,-0.1049928292699197,80.542,-0.0427261104008097,-3.849,0.1681016145046352,28.507999999999992,0.1289940828402365,256.0,-0.219,-0.193,3,6,3,True,train,2
47c1e591e12cd17888f5695678a85d7943501cb3_V6,47c1e591e12cd17888f5695678a85d7943501cb3,Cars,/Users/xiaoxuan/Downloads/original/HvM_with_discfade/Variation06_20110131/astra_rx+75.037_ry+66.834_rz-82.072_tx+00.464_ty+00.626_s+01.108_47c1e591e12cd17888f5695678a85d7943501cb3_256x256.png,41d73bdeaa8cf45b06678f9af5e958d7ec69df6e,astra,0.7431766890126628,156.834,0.8343209739285005,75.03700000000002,-0.4899195340062973,-82.07200000000002,-0.0092307692307693,256.0,0.464,0.626,6,2,2,True,train,1
07ae5d2c092d7de8043f427d08e372f83e320a25_V6,07ae5d2c092d7de8043f427d08e372f83e320a25,Cars,/Users/xiaoxuan/Downloads/original/HvM_with_discfade/Variation06_20110131/z3_rx-87.958_ry+11.540_rz+79.689_tx+00.145_ty-00.072_s+00.875_07ae5d2c092d7de8043f427d08e372f83e320a25_256x256.png,6c92fc5594b71d123fa4323bcd5027dbbc9296fe,z3,0.1284505664320891,101.54,-0.9778420145644626,-87.958,0.4726610321383671,79.689,-0.4871794871794873,256.0,0.145,-0.072,6,2,7,True,train,0
64e67d7215a5e2a9366943ab1cca484da2f87905_V3,64e67d7215a5e2a9366943ab1cca484da2f87905,Faces,/Users/xiaoxuan/Downloads/original/HvM_with_discfade/Variation03_20110128/face0001_rx+24.921_ry-09.999_rz-24.459_tx-00.200_ty-00.361_s+00.747_64e67d7215a5e2a9366943ab1cca484da2f87905_256x256.png,ad863b05ee674da0dcba021bedec525663b5db44,face0001,-0.111007348608656,-9.999000000000002,0.2771360275723951,24.921,-0.1470856361119188,-24.459,-0.3666666666666669,256.0,-0.2,-0.361,3,4,0,True,train,2
19e8e43f1d6db80257276c7e8a2c34ed5ef5e7ff_V6,19e8e43f1d6db80257276c7e8a2c34ed5ef5e7ff,Animals,/Users/xiaoxuan/Downloads/original/HvM_with_discfade/Variation06_20110131/LIONESS_rx-09.202_ry-49.882_rz+28.360_tx+00.350_ty+00.519_s+00.523_19e8e43f1d6db80257276c7e8a2c34ed5ef5e7ff_256x256.png,b8c58047a99211a9410b5ff56693b5907c9f6eea,LIONESS,-0.5544030506175722,40.11800000000001,-0.102240257935414,-9.202,0.167220920618041,28.36,-0.9410256410256412,256.0,0.35,0.519,6,0,2,True,train,1
4de5c4d5af94f2f34b0dba893b7da18458025448_V3,4de5c4d5af94f2f34b0dba893b7da18458025448,Fruits,/Users/xiaoxuan/Downloads/original/HvM_with_discfade/Variation03_20110128/Apple_Fruit_obj_rx-63.133_ry+21.493_rz+44.765_tx-00.048_ty+00.449_s+00.631_4de5c4d5af94f2f34b0dba893b7da18458025448_256x256.png,1b3ab18c4ea5dcc1fc9e5b9611a5dd44574e18f6,Apple_Fruit_obj,0.1170576236164797,10.51521618667874,0.2765231228866076,24.86587228803683,0.1231120348965326,20.94753218779967,-0.4329670329670331,256.0,-0.048,0.449,3,5,0,True,train,3
adeed934ed0863dd6aa65f9eb98084f1b3580feb_V3,adeed934ed0863dd6aa65f9eb98084f1b3580feb,Faces,/Users/xiaoxuan/Downloads/original/HvM_with_discfade/Variation03_20110128/face0004_rx-11.348_ry-32.897_rz-24.027_tx-00.013_ty-00.274_s+00.836_adeed934ed0863dd6aa65f9eb98084f1b3580feb_256x256.png,8d10f7b22061aaffa0ee0894b61f749ef08db4cd,face0004,-0.3655738251675949,-32.897,-0.1260992828951115,-11.348,-0.1445149620645618,-24.027,-0.1384615384615388,256.0,-0.013,-0.274,3,4,3,True,train,2
3e712fd62a4c43e8da16421c2654a70d4a7acc4f_V3,3e712fd62a4c43e8da16421c2654a70d4a7acc4f,Faces,/Users/xiaoxuan/Downloads/original/HvM_with_discfade/Variation03_20110128/face0008_rx+03.450_ry-36.455_rz-20.518_tx+00.290_ty-00.103_s+00.796_3e712fd62a4c43e8da16421c2654a70d4a7acc4f_256x256.png,25783c438649f65439542ee68388ae7a6595f970,face0008,-0.4051295734249408,-36.455,0.0384234810161672,3.45,-0.1236341860641562,-20.518000000000004,-0.2410256410256412,256.0,0.29,-0.103,3,4,7,True,train,0
f66cc8ab339d2e613a4b48b6819b4b7e6bc82fb9_V6,f66cc8ab339d2e613a4b48b6819b4b7e6bc82fb9,Fruits,/Users/xiaoxuan/Downloads/original/HvM_with_discfade/Variation06_20110131/watermelon_obj_rx-48.814_ry+24.590_rz+14.337_tx+00.305_ty-00.349_s+00.862_f66cc8ab339d2e613a4b48b6819b4b7e6bc82fb9_256x256.png,959b54690b7fb079b3ef249f9bb0e88526f7b01f,watermelon_obj,0.2225812317860891,20.006959217926937,0.4090157505225358,36.78292168075043,-0.1024966703147636,-16.965855062322497,0.2439560439560437,256.0,0.305,-0.349,6,5,7,True,train,0
a4331947d567cd0048e2b68ae2f770b84cb73d56_V6,a4331947d567cd0048e2b68ae2f770b84cb73d56,Planes,/Users/xiaoxuan/Downloads/original/HvM_with_discfade/Variation06_20110131/junkers88_rx-52.541_ry-37.456_rz-52.522_tx-00.441_ty-01.098_s+00.861_a4331947d567cd0048e2b68ae2f770b84cb73d56_256x256.png,0dc55eecf24aac0311f6f3404790cf0595df4635,junkers88,-0.4162581018132498,52.544,-0.5840791594863606,-52.541,-0.3140782884058444,-52.522,-0.9234714003944774,256.0,-0.441,-1.098,6,6,4,True,train,2
66152a16d9336d82d98816ebc8f3ff5585683b4e_V6,66152a16d9336d82d98816ebc8f3ff5585683b4e,Faces,/Users/xiaoxuan/Downloads/original/HvM_with_discfade/Variation06_20110131/face0004_rx-58.889_ry+67.055_rz-22.869_tx-00.393_ty+00.915_s+01.031_66152a16d9336d82d98816ebc8f3ff5585683b4e_256x256.png,f44775f74a6070925a78824e7e77303efd910d4e,face0004,0.7456336368386531,67.055,-0.6546556228806568,-58.889,-0.1376241274653969,-22.869,0.3615384615384607,256.0,-0.393,0.915,6,4,3,True,train,3
b5542915cafa390db9147a5f941a0524e26b277e_V3,b5542915cafa390db9147a5f941a0524e26b277e,Cars,/Users/xiaoxuan/Downloads/original/HvM_with_discfade/Variation03_20110128/bmw325_rx-41.321_ry+27.316_rz+10.625_tx+00.286_ty-00.115_s+01.162_b5542915cafa390db9147a5f941a0524e26b277e_256x256.png,8eb36eccf2169e59bedb1d2c905a37304b306488,bmw325,0.3038388420104725,117.316,-0.4593362610484265,-41.321,0.0616864200859248,10.625,0.1015384615384611,256.0,0.286,-0.115,3,2,3,True,train,0
e0d8adc3d6c520088fa43ea894b5ca0defb6a2e0_V6,e0d8adc3d6c520088fa43ea894b5ca0defb6a2e0,Cars,/Users/xiaoxuan/Downloads/original/HvM_with_discfade/Variation06_20110131/bora_a_rx+44.483_ry-04.072_rz-65.414_tx+00.290_ty+00.814_s+01.332_e0d8adc3d6c520088fa43ea894b5ca0defb6a2e0_256x256.png,801a6da19658b034e97bfa730d54dbcbf089853a,bora_a,-0.0451144537460117,85.928,0.4946244927455558,44.483,-0.3907938666894667,-65.414,0.4502564102564099,256.0,0.29,0.814,6,2,4,True,train,1
e6585e9a86e89c4527769d25b20da7ccb0111f4a_V6,e6585e9a86e89c4527769d25b20da7ccb0111f4a,Boats,/Users/xiaoxuan/Downloads/original/HvM_with_discfade/Variation06_20110131/CGTG_L_rx-74.911_ry+73.072_rz-45.838_tx-00.453_ty+00.142_s+00.855_e6585e9a86e89c4527769d25b20da7ccb0111f4a_256x256.png,59b782a0085cb0efdc48d05fe45169f5ec16e3a1,CGTG_L,0.8125270986892572,163.072,-0.8327867029851647,-74.911,-0.2743042482842395,-45.838,-0.8205128205128205,256.0,-0.453,0.142,6,1,1,True,train,3
67ede22d9d66f5f95b6a9578d9b167186af928fc_V6,67ede22d9d66f5f95b6a9578d9b167186af928fc,Faces,/Users/xiaoxuan/Downloads/original/HvM_with_discfade/Variation06_20110131/face0008_rx-39.956_ry+18.906_rz+20.503_tx-00.005_ty+00.770_s+01.146_67ede22d9d66f5f95b6a9578d9b167186af928fc_256x256.png,890b8ddaccba9aae32cb6e84e196223da758cc5b,face0008,0.2103414156911138,18.906,-0.4441603201956833,-39.956,0.1204667863817376,20.503,0.6564102564102556,256.0,-0.005,0.77,6,4,7,True,train,3
1f78df407961264e010731240022d4072364888d_V6,1f78df407961264e010731240022d4072364888d,Boats,/Users/xiaoxuan/Downloads/original/HvM_with_discfade/Variation06_20110131/BAHRAIN_rx-79.919_ry-67.273_rz-51.939_tx-00.418_ty+00.280_s+01.088_1f78df407961264e010731240022d4072364888d_256x256.png,6476bbb3cc1c2c9f5f84f1e8595ce2c966ec804e,BAHRAIN,-0.747745944924346,22.72700000000001,-0.8884651731613834,-79.91900000000001,-0.3106090685687864,-51.93899999999999,-0.4222222222222223,256.0,-0.418,0.28,6,1,0,True,train,3
1416c2ddd03d543326596ed7b15d0a8279d17029_V6,1416c2ddd03d543326596ed7b15d0a8279d17029,Boats,/Users/xiaoxuan/Downloads/original/HvM_with_discfade/Variation06_20110131/cruiser_rx+45.068_ry+04.493_rz-88.145_tx+00.151_ty-00.622_s+01.118_1416c2ddd03d543326596ed7b15d0a8279d17029_256x256.png,d0cc68c3d4c35b2e04cf4cca06991e696bbb27ce,cruiser,-0.9504608166850104,4.492999999999999,0.5011284673967318,45.068000000000005,-0.5260577365285154,-88.145,-0.3709401709401709,256.0,0.151,-0.622,6,1,5,True,train,0
d81d0d332bc33ca6fbf9f2c4b9d82c1032a42fed_V6,d81d0d332bc33ca6fbf9f2c4b9d82c1032a42fed,Planes,/Users/xiaoxuan/Downloads/original/HvM_with_discfade/Variation06_20110131/junkers88_rx-42.478_ry+52.441_rz-61.755_tx+00.164_ty-00.068_s+01.158_d81d0d332bc33ca6fbf9f2c4b9d82c1032a42fed_256x256.png,29549d27066f8ebf15bbaaadab38db2d3f22e0d0,junkers88,0.583163792815929,142.441,-0.4721996775807517,-42.478,-0.3690204955337287,-61.755,-0.4548323471400398,256.0,0.164,-0.068,6,6,4,True,train,0
b5f2a776eb3e5028c84cb3ef1e7542b36dcfad94_V0,b5f2a776eb3e5028c84cb3ef1e7542b36dcfad94,Faces,/Users/xiaoxuan/Downloads/original/HvM_with_discfade/Variation00_20110203/face0007_rx+00.000_ry+00.000_rz+00.000_tx+00.000_ty+00.000_s+00.800_b5f2a776eb3e5028c84cb3ef1e7542b36dcfad94_256x256.png,89d1140fe4f71a039ffe51b594cd8dc2df2d221f,face0007,0.0001556437536824,-0.0,6.670743231040888e-05,0.0,-0.0015390700834425,-0.0,-0.230769230769231,256.0,0.0,0.0,0,4,6,True,train,4
65ead48a2fcf73e0cb8909eb84fe7c1a86304da1_V6,65ead48a2fcf73e0cb8909eb84fe7c1a86304da1,Cars,/Users/xiaoxuan/Downloads/original/HvM_with_discfade/Variation06_20110131/celica_rx+45.477_ry-72.389_rz+77.306_tx-00.489_ty+01.042_s+00.683_65ead48a2fcf73e0cb8909eb84fe7c1a86304da1_256x256.png,84148b4be47f349f7ff0f5486ab66135e4f08763,celica,-0.8046226194843745,17.61100000000001,0.5056756906998614,45.47699999999999,0.4584806704373219,77.306,-0.881025641025641,256.0,-0.489,1.042,6,2,5,True,train,3
9271dcb877a3bbb741bebd8a99443bec9fbdaa7d_V6,9271dcb877a3bbb741bebd8a99443bec9fbdaa7d,Animals,/Users/xiaoxuan/Downloads/original/HvM_with_discfade/Variation06_20110131/bear_rx-09.213_ry+71.133_rz-37.233_tx+00.271_ty-00.360_s+00.970_9271dcb877a3bbb741bebd8a99443bec9fbdaa7d_256x256.png,84fd8d827dd49f7a26a2f70aaf79411853187437,bear,-0.2095965491556327,71.133,-0.1023625548946668,-9.213,-0.2230990395400129,-37.233,0.2051282051282046,256.0,0.271,-0.36,6,0,4,True,train,0
0feb8f22c1d22abefb6acbb5ef93695f2094f7bd_V3,0feb8f22c1d22abefb6acbb5ef93695f2094f7bd,Cars,/Users/xiaoxuan/Downloads/original/HvM_with_discfade/Variation03_20110128/celica_rx+37.739_ry+25.226_rz-05.300_tx-00.017_ty-00.500_s+01.212_0feb8f22c1d22abefb6acbb5ef93695f2094f7bd_256x256.png,efe5547b149f6b0fcb68c253cd01b8e086b366d3,celica,0.2806034530678496,115.22599999999998,0.419645338818156,37.739,-0.0330774322385154,-5.3,0.2041025641025635,256.0,-0.017,-0.5,3,2,5,True,train,2
acb18d33e8a8fce3b2a1ec37b5906673e08d6a26_V6,acb18d33e8a8fce3b2a1ec37b5906673e08d6a26,Fruits,/Users/xiaoxuan/Downloads/original/HvM_with_discfade/Variation06_20110131/Apricot_obj_rx-17.394_ry+44.177_rz-14.625_tx-00.069_ty-01.105_s+01.084_acb18d33e8a8fce3b2a1ec37b5906673e08d6a26_256x256.png,7a3c26249723e6494d56dee4dbb717f1a01d6bcb,Apricot_obj,0.7316227752637856,65.79473701220228,0.4802268504095854,43.18800406009114,-0.5223638374059829,-87.52424280109538,0.8945054945054942,256.0,-0.069,-1.105,6,5,1,True,train,2
56028ff5be6025ee5f2963e6d7107937365ce980_V6,56028ff5be6025ee5f2963e6d7107937365ce980,Cars,/Users/xiaoxuan/Downloads/original/HvM_with_discfade/Variation06_20110131/bora_a_rx+16.086_ry-55.744_rz-25.352_tx-00.468_ty-00.870_s+01.498_56028ff5be6025ee5f2963e6d7107937365ce980_256x256.png,60c97a4893055a480c71dcae9dd582bbac8a7fee,bora_a,-0.6195733137666899,34.25600000000001,0.1789093334815623,16.086,-0.1523995526033301,-25.352,0.7907692307692302,256.0,-0.468,-0.87,6,2,4,True,train,2
f83291b6b3dbfff94d271cf1bf698fc00a9abba6_V3,f83291b6b3dbfff94d271cf1bf698fc00a9abba6,Faces,/Users/xiaoxuan/Downloads/original/HvM_with_discfade/Variation03_20110128/face0005_rx+31.785_ry+04.082_rz-07.760_tx-00.114_ty-00.335_s+00.728_f83291b6b3dbfff94d271cf1bf698fc00a9abba6_256x256.png,fcbe8608ec7d1d75f55c5e251d5cf30d8db4d8f8,face0005,0.0455369153631501,4.082,0.35344933014619,31.785,-0.0477159927859641,-7.760000000000002,-0.4153846153846157,256.0,-0.114,-0.335,3,4,4,True,train,2
8fd6940f3f7d588f86b59d069948a3e06bbd7509_V3,8fd6940f3f7d588f86b59d069948a3e06bbd7509,Faces,/Users/xiaoxuan/Downloads/original/HvM_with_discfade/Variation03_20110128/face0008_rx-05.064_ry-28.549_rz+42.610_tx-00.079_ty-00.273_s+00.968_8fd6940f3f7d588f86b59d069948a3e06bbd7509_256x256.png,2f42c98d17f624270db925c6ffd7aa58e87ef1df,face0008,-0.3172353222381572,-28.549,-0.0562343654455592,-5.064,0.2520174603746044,42.61,0.1999999999999995,256.0,-0.079,-0.273,3,4,7,True,train,2
14866dd618014e8528e37928eab3dbd24db6dfcc_V0,14866dd618014e8528e37928eab3dbd24db6dfcc,Animals,/Users/xiaoxuan/Downloads/original/HvM_with_discfade/Variation00_20110203/ELEPHANT_M_rx+00.000_ry+00.000_rz+00.000_tx+00.000_ty+00.000_s+00.800_14866dd618014e8528e37928eab3dbd24db6dfcc_256x256.png,61539a935473fee74d8d23ae0514068c9c919608,ELEPHANT_M,0.0001556437536824,90.0,6.670743231040888e-05,0.0,-0.0015390700834425,-0.0,-0.230769230769231,256.0,0.0,0.0,0,0,0,True,train,4
fae61cd4f0b4964dcaa3123c5f61c471c60af5da_V3,fae61cd4f0b4964dcaa3123c5f61c471c60af5da,Fruits,/Users/xiaoxuan/Downloads/original/HvM_with_discfade/Variation03_20110128/walnut_obj_rx-119.473_ry+38.753_rz+05.743_tx-00.220_ty-00.403_s+00.539_fae61cd4f0b4964dcaa3123c5f61c471c60af5da_256x256.png,4a1ec3a4fbf970c672f8d7b6bc9a097284fc15cd,walnut_obj,-0.2164333097237786,-19.48195977634415,-0.2507854881712248,-22.56290073356004,-0.2213118834523433,-36.932669652530585,-0.7025641025641024,256.0,-0.22,-0.403,3,5,6,True,train,2
62c9626e99ed9eb49adc16e33a5a228919d54723_V3,62c9626e99ed9eb49adc16e33a5a228919d54723,Animals,/Users/xiaoxuan/Downloads/original/HvM_with_discfade/Variation03_20110128/ELEPHANT_M_rx-42.446_ry+22.936_rz-43.435_tx-00.153_ty+00.315_s+00.909_62c9626e99ed9eb49adc16e33a5a228919d54723_256x256.png,40df6569fe38b63932bc35c49910151c8d353a5f,ELEPHANT_M,0.2551445819297602,112.936,-0.4718439046083797,-42.446,-0.2600048738958169,-43.435,0.0487179487179483,256.0,-0.153,0.315,3,0,0,True,train,3
23e9b04a6c139b7348ed43aa59fae405783734ce_V6,23e9b04a6c139b7348ed43aa59fae405783734ce,Faces,/Users/xiaoxuan/Downloads/original/HvM_with_discfade/Variation06_20110131/face0008_rx+63.512_ry+70.207_rz+02.750_tx+00.281_ty-00.578_s+00.855_23e9b04a6c139b7348ed43aa59fae405783734ce_256x256.png,71f21687ef0fff3bb412b207a2ab2e8ffab16ee7,face0008,0.7806757162392022,70.207,0.7061871143476457,63.512000000000015,0.0148251744309819,2.75,-0.0897435897435903,256.0,0.281,-0.578,6,4,7,True,train,0
7701f2eacb378b4f8f6b92879d9cca8b6bc63d5c_V6,7701f2eacb378b4f8f6b92879d9cca8b6bc63d5c,Fruits,/Users/xiaoxuan/Downloads/original/HvM_with_discfade/Variation06_20110131/walnut_obj_rx-161.288_ry-38.858_rz+67.073_tx+00.173_ty-00.901_s+00.884_7701f2eacb378b4f8f6b92879d9cca8b6bc63d5c_256x256.png,5bbf35ecfcb03bf3d72fe9f74a580cc481b1f247,walnut_obj,0.685392911550134,61.63640700102299,-0.5282847460985303,-47.52257148783159,0.8039471536853835,135.36140415231185,0.308424908424908,256.0,0.173,-0.901,6,5,6,True,train,0
e11714c058fb7c07f4fd8c1831685760388ca44b_V6,e11714c058fb7c07f4fd8c1831685760388ca44b,Boats,/Users/xiaoxuan/Downloads/original/HvM_with_discfade/Variation06_20110131/support_rx+38.035_ry+34.102_rz+07.287_tx+00.537_ty+00.422_s+00.940_e11714c058fb7c07f4fd8c1831685760388ca44b_256x256.png,d9ec7f65a52bcf0240860e06a03294b4e83ff9fa,support,-0.6212853950571993,-145.898,0.422936238812597,38.03499999999999,0.0418232025625979,7.287,-0.6752136752136753,256.0,0.537,0.422,6,1,7,True,train,1
72f9342dcd5fbfd4da495874b74f5751b89182b1_V0,72f9342dcd5fbfd4da495874b74f5751b89182b1,Boats,/Users/xiaoxuan/Downloads/original/HvM_with_discfade/Variation00_20110203/DTUG_L_rx+00.000_ry+00.000_rz+00.000_tx+00.000_ty+00.000_s+01.200_72f9342dcd5fbfd4da495874b74f5751b89182b1_256x256.png,30e28e1a41f9aaee0024af7236d1bd31ac77bfc4,DTUG_L,0.0001556437536824,90.0,6.670743231040888e-05,0.0,-0.0015390700834425,-0.0,-0.230769230769231,256.0,0.0,0.0,0,1,2,True,train,4
27dae97a6ce4649ec91e3baee1fef3160cbd1881_V3,27dae97a6ce4649ec91e3baee1fef3160cbd1881,Cars,/Users/xiaoxuan/Downloads/original/HvM_with_discfade/Variation03_20110128/astra_rx+44.796_ry-24.099_rz-32.179_tx+00.101_ty+00.137_s+01.141_27dae97a6ce4649ec91e3baee1fef3160cbd1881_256x256.png,8d93253efe62eef92717eb6e5d1ecae8149b1c82,astra,-0.2677628433890316,65.90100000000001,0.4981043971315697,44.796,-0.1930245334396851,-32.179,0.0584615384615381,256.0,0.101,0.137,3,2,2,True,train,1
757303652079b872705ce7156b1d0bf3a6d182e2_V0,757303652079b872705ce7156b1d0bf3a6d182e2,Cars,/Users/xiaoxuan/Downloads/original/HvM_with_discfade/Variation00_20110203/celica_rx+00.000_ry+00.000_rz+00.000_tx+00.000_ty+00.000_s+01.000_757303652079b872705ce7156b1d0bf3a6d182e2_256x256.png,a451516b0b675844033433a080e78e8dbe8ba424,celica,0.0001556437536824,90.0,6.670743231040888e-05,0.0,-0.0015390700834425,-0.0,-0.230769230769231,256.0,0.0,0.0,0,2,5,True,train,4
aa8298441a903c62d75f02af052b9a92c5242296_V3,aa8298441a903c62d75f02af052b9a92c5242296,Boats,/Users/xiaoxuan/Downloads/original/HvM_with_discfade/Variation03_20110128/BAHRAIN_rx-24.454_ry+01.656_rz+22.792_tx+00.102_ty-00.344_s+01.000_aa8298441a903c62d75f02af052b9a92c5242296_256x256.png,52775986f0def2857c83515c74e6648d590c5796,BAHRAIN,0.0185660763321438,91.656,-0.2718105508922204,-24.454,0.1340877884521079,22.792,-0.5726495726495727,256.0,0.102,-0.344,3,1,0,True,train,0
3fa42a6e5c671af64a9dfb59c3aeb803bfe7a2bb_V3,3fa42a6e5c671af64a9dfb59c3aeb803bfe7a2bb,Faces,/Users/xiaoxuan/Downloads/original/HvM_with_discfade/Variation03_20110128/face0001_rx+36.407_ry+24.599_rz-35.979_tx+00.258_ty+00.107_s+00.636_3fa42a6e5c671af64a9dfb59c3aeb803bfe7a2bb_256x256.png,65d5321714d2f63ce4e72970aa30e6d126d31576,face0001,0.2736328363850624,24.599,0.4048362888431713,36.407,-0.2156369440414353,-35.979,-0.6512820512820515,256.0,0.258,0.107,3,4,0,True,train,1
3d96a8fb30098daca19f6da5ea69f77c3537bbdf_V0,3d96a8fb30098daca19f6da5ea69f77c3537bbdf,Animals,/Users/xiaoxuan/Downloads/original/HvM_with_discfade/Variation00_20110203/TURTLE_L_rx+00.000_ry+00.000_rz+00.000_tx+00.000_ty+00.000_s+00.800_3d96a8fb30098daca19f6da5ea69f77c3537bbdf_256x256.png,c8f62ec9dc8f86d8fdfa191fab7c5b764201cb47,TURTLE_L,0.0001556437536824,90.0,6.670743231040888e-05,0.0,-0.0015390700834425,-0.0,-0.230769230769231,256.0,0.0,0.0,0,0,3,True,train,4
de274c89507cb4101f258abee14de1b9fe41c6df_V6,de274c89507cb4101f258abee14de1b9fe41c6df,Cars,/Users/xiaoxuan/Downloads/original/HvM_with_discfade/Variation06_20110131/celica_rx+78.515_ry-82.367_rz+45.426_tx-00.222_ty+00.877_s+00.987_de274c89507cb4101f258abee14de1b9fe41c6df_256x256.png,ba28fbd20255c292cc33314e0ed95b6d1af162db,celica,-0.9155521462161892,7.632999999999988,0.8729890488631822,78.51499999999999,0.2687744467573749,45.426,-0.2574358974358977,256.0,-0.222,0.877,6,2,5,True,train,3
9f5e6b3bcaef111d6037419588071d605e933b36_V3,9f5e6b3bcaef111d6037419588071d605e933b36,Animals,/Users/xiaoxuan/Downloads/original/HvM_with_discfade/Variation03_20110128/TURTLE_L_rx-12.270_ry-33.159_rz+03.419_tx-00.197_ty+00.316_s+01.021_9f5e6b3bcaef111d6037419588071d605e933b36_256x256.png,d953b318c68c1df474053456975658e25034c60b,TURTLE_L,-0.368486586843656,56.841,-0.1363499916615799,-12.27,0.0188061488237638,3.419,0.3358974358974351,256.0,-0.197,0.316,3,0,3,True,train,3
1157ab24dde11461ab6cfce0b6adaa722e5e340a_V3,1157ab24dde11461ab6cfce0b6adaa722e5e340a,Faces,/Users/xiaoxuan/Downloads/original/HvM_with_discfade/Variation03_20110128/face0006_rx-29.951_ry-21.215_rz-42.857_tx-00.135_ty-00.346_s+00.974_1157ab24dde11461ab6cfce0b6adaa722e5e340a_256x256.png,364fd1b8fb7b8a5994edc081ce20c4cd9fa45ed9,face0006,-0.2357002301304073,-21.215,-0.3329256768024988,-29.951,-0.2565654072306034,-42.857000000000006,0.2153846153846146,256.0,-0.135,-0.346,3,4,5,True,train,2
3be6deaada039dd8c403ebaa016a656cbdbc03a8_V3,3be6deaada039dd8c403ebaa016a656cbdbc03a8,Boats,/Users/xiaoxuan/Downloads/original/HvM_with_discfade/Variation03_20110128/CGTG_L_rx-14.701_ry+22.676_rz+32.706_tx-00.223_ty+00.471_s+01.354_3be6deaada039dd8c403ebaa016a656cbdbc03a8_256x256.png,52ffb314f341b366e8efcf7a766de8ee1a4e073d,CGTG_L,0.252254055075654,112.676,-0.1633776196564657,-14.701,0.1930823775852006,32.70600000000001,0.0324786324786323,256.0,-0.223,0.471,3,1,1,True,train,3
01c0425e982e4edc276fe5373dbf8e5e49bd9a16_V0,01c0425e982e4edc276fe5373dbf8e5e49bd9a16,Fruits,/Users/xiaoxuan/Downloads/original/HvM_with_discfade/Variation00_20110203/Apple_Fruit_obj_rx-90.000_ry+00.000_rz+00.000_tx+00.000_ty+00.000_s+00.700_01c0425e982e4edc276fe5373dbf8e5e49bd9a16_256x256.png,f1ae7c2160c6cbb309b940a0dc127a8aa1060e5d,Apple_Fruit_obj,0.0001556437536824,-0.0,6.670743231040888e-05,0.0,-0.0015390700834425,-0.0,-0.230769230769231,256.0,0.0,0.0,0,5,0,True,train,4
849f44d252cc74db083428e57472991a2b531a51_V6,849f44d252cc74db083428e57472991a2b531a51,Boats,/Users/xiaoxuan/Downloads/original/HvM_with_discfade/Variation06_20110131/support_rx-00.751_ry+54.949_rz+75.343_tx+00.546_ty-01.115_s+01.657_849f44d252cc74db083428e57472991a2b531a51_256x256.png,f21aefce95dd74adea21856aeb9770743b3ae47a,support,-0.3895207284127674,-125.05100000000002,-0.008282839513045,-0.7509999999999999,0.4467995751712075,75.343,0.55042735042735,256.0,0.546,-1.115,6,1,7,True,train,0
446805408e5edce5126c9e357281126abd142451_V6,446805408e5edce5126c9e357281126abd142451,Cars,/Users/xiaoxuan/Downloads/original/HvM_with_discfade/Variation06_20110131/bmw325_rx+74.970_ry-42.765_rz+62.500_tx-00.136_ty-00.845_s+01.100_446805408e5edce5126c9e357281126abd142451_256x256.png,a11606db4392abf39d04fe4d9b9e4c97e9e94868,bmw325,-0.4752804366919032,47.235,0.8335760742675966,74.97000000000001,0.3703755779716604,62.49999999999999,-0.0256410256410257,256.0,-0.136,-0.845,6,2,3,True,train,2
3270ec6eb7918f7e565da242721ade80f9895a32_V3,3270ec6eb7918f7e565da242721ade80f9895a32,Boats,/Users/xiaoxuan/Downloads/original/HvM_with_discfade/Variation03_20110128/BAHRAIN_rx-11.376_ry+19.681_rz+33.288_tx+00.300_ty-00.188_s+01.503_3270ec6eb7918f7e565da242721ade80f9895a32_256x256.png,085c15d201d08946d3a81e78ca408653c0b7b7ac,BAHRAIN,0.2189574091985457,109.681,-0.1264105842459371,-11.376,0.1965456467878896,33.288,0.2871794871794866,256.0,0.3,-0.188,3,1,0,True,train,0
d06782c538b8680e0ee431aea236d170763c9a18_V0,d06782c538b8680e0ee431aea236d170763c9a18,Planes,/Users/xiaoxuan/Downloads/original/HvM_with_discfade/Variation00_20110203/mig29_rx+00.000_ry+00.000_rz+00.000_tx+00.000_ty+00.000_s+01.300_d06782c538b8680e0ee431aea236d170763c9a18_256x256.png,b6a11feda6ca6b522626600da2de5606d2e78e73,mig29,0.0001556437536824,90.0,6.670743231040888e-05,0.0,-0.0015390700834425,-0.0,-0.230769230769231,256.0,0.0,0.0,0,6,5,True,train,4
48c28a979b99b0737ac58f9abddc505d25764a9b_V3,48c28a979b99b0737ac58f9abddc505d25764a9b,Faces,/Users/xiaoxuan/Downloads/original/HvM_with_discfade/Variation03_20110128/face0008_rx+05.323_ry-10.518_rz-42.807_tx-00.294_ty+00.039_s+00.694_48c28a979b99b0737ac58f9abddc505d25764a9b_256x256.png,056c7385d98b7662abfdf795a6926ff18f7660f9,face0008,-0.1167772849058911,-10.518,0.0592473178053158,5.323,-0.2562678755121593,-42.80700000000001,-0.5025641025641028,256.0,-0.294,0.039,3,4,7,True,train,3
fd4376303731b6bd708c4399e23fb3b4a725f30c_V3,fd4376303731b6bd708c4399e23fb3b4a725f30c,Cars,/Users/xiaoxuan/Downloads/original/HvM_with_discfade/Variation03_20110128/z3_rx+09.018_ry+30.713_rz-12.864_tx-00.091_ty-00.334_s+01.284_fd4376303731b6bd708c4399e23fb3b4a725f30c_256x256.png,399d9c7e6b26a90c45efac8a702289a5fdd2f2a1,z3,0.3416046871004679,120.713,0.1003279782088959,9.018,-0.0780880306047361,-12.864,0.3517948717948713,256.0,-0.091,-0.334,3,2,7,True,train,2
e1cd3618e3578dfd2d7b0dfad800dc77e94c244a_V3,e1cd3618e3578dfd2d7b0dfad800dc77e94c244a,Faces,/Users/xiaoxuan/Downloads/original/HvM_with_discfade/Variation03_20110128/face0004_rx-00.718_ry-28.740_rz-10.391_tx-00.227_ty-00.241_s+00.966_e1cd3618e3578dfd2d7b0dfad800dc77e94c244a_256x256.png,5a87faeb9b6c4c64c2c3e4fae91b56e3548d8bfc,face0004,-0.3193587477348276,-28.74,-0.0079159486352864,-0.718,-0.0633721118104917,-10.390999999999998,0.1948717948717941,256.0,-0.227,-0.241,3,4,3,True,train,2
39f5345246ea4a0f1a9314656d8ac71792860d70_V6,39f5345246ea4a0f1a9314656d8ac71792860d70,Animals,/Users/xiaoxuan/Downloads/original/HvM_with_discfade/Variation06_20110131/breed_pug_rx+87.507_ry+27.518_rz-78.684_tx+00.114_ty-00.566_s+00.874_39f5345246ea4a0f1a9314656d8ac71792860d70_256x256.png,88da2a0163cd4e53756b046db1ff906e58ac8b5f,breed_pug,-0.6944824289319504,27.518,0.972961254099716,87.50700000000006,-0.4697587847645261,-78.684,-0.0410256410256413,256.0,0.114,-0.566,6,0,6,True,train,0
07ab24ae34b1b57f13de0f2a86f7f0c6a74c5c39_V6,07ab24ae34b1b57f13de0f2a86f7f0c6a74c5c39,Fruits,/Users/xiaoxuan/Downloads/original/HvM_with_discfade/Variation06_20110131/Peach_obj_rx-174.339_ry+35.594_rz-17.561_tx-00.491_ty+00.379_s+00.725_07ab24ae34b1b57f13de0f2a86f7f0c6a74c5c39_256x256.png,0dc82230b4d5299a1abe36d11510b015994df0f4,Peach_obj,-0.8929592201005097,-80.33478888882074,-0.600494091839088,-54.01744109046607,-0.5949026325069839,-99.71433726906282,-0.1575091575091576,256.0,-0.491,0.379,6,5,2,True,train,3
ce36c2ab31f5d8cb28c26e7e066696fc177ed4fe_V0,ce36c2ab31f5d8cb28c26e7e066696fc177ed4fe,Fruits,/Users/xiaoxuan/Downloads/original/HvM_with_discfade/Variation00_20110203/watermelon_obj_rx-90.000_ry+00.000_rz+00.000_tx+00.000_ty+00.000_s+00.700_ce36c2ab31f5d8cb28c26e7e066696fc177ed4fe_256x256.png,09568a09517d0fa847e444be119f022c72b02e22,watermelon_obj,0.0001556437536824,-0.0,6.670743231040888e-05,0.0,-0.0015390700834425,-0.0,-0.230769230769231,256.0,0.0,0.0,0,5,7,True,train,4
3748dbb0f0b379f23973034fea66430210bf2e71_V3,3748dbb0f0b379f23973034fea66430210bf2e71,Animals,/Users/xiaoxuan/Downloads/original/HvM_with_discfade/Variation03_20110128/bear_rx-08.680_ry+128.152_rz+23.214_tx-00.162_ty+00.155_s+00.795_3748dbb0f0b379f23973034fea66430210bf2e71_256x256.png,833505d17c16efc58889b15de9071d652833e783,bear,0.4243071073608375,128.152,-0.0964367113235956,-8.68,0.1365989561557758,23.214,-0.2435897435897438,256.0,-0.162,0.155,3,0,4,True,train,3
824c7a6bd9bd2d9db1a239a90330ee4547249439_V0,824c7a6bd9bd2d9db1a239a90330ee4547249439,Boats,/Users/xiaoxuan/Downloads/original/HvM_with_discfade/Variation00_20110203/cruiser_rx+00.000_ry+90.000_rz+00.000_tx+00.000_ty+00.000_s+01.200_824c7a6bd9bd2d9db1a239a90330ee4547249439_256x256.png,a2de393bdfbaaa69500cc1b0d1bfe0f37c6459e1,cruiser,0.0001556437536824,90.0,6.670743231040888e-05,0.0,-0.0015390700834425,-0.0,-0.230769230769231,256.0,0.0,0.0,0,1,5,True,train,4
461e80d4a5c38f19d7c2c2b0e2976b0308d68203_V6,461e80d4a5c38f19d7c2c2b0e2976b0308d68203,Animals,/Users/xiaoxuan/Downloads/original/HvM_with_discfade/Variation06_20110131/blCow_rx-87.223_ry+31.170_rz+03.214_tx+00.542_ty+01.060_s+00.508_461e80d4a5c38f19d7c2c2b0e2976b0308d68203_256x256.png,8abab004326d3ec5ed561c99ccb0436ad4d6c0f5,blCow,0.3466853439171085,121.17,-0.9696703541052926,-87.22299999999994,0.0175862687781429,3.2139999999999995,-0.9794871794871794,256.0,0.542,1.06,6,0,5,True,train,1
c5d603195a1fe86303dd7e9268aeaf3ee17cd24f_V6,c5d603195a1fe86303dd7e9268aeaf3ee17cd24f,Fruits,/Users/xiaoxuan/Downloads/original/HvM_with_discfade/Variation06_20110131/Pear_obj_rx-107.091_ry+52.555_rz-04.800_tx-00.274_ty+00.980_s+00.888_c5d603195a1fe86303dd7e9268aeaf3ee17cd24f_256x256.png,8797d64f15126967f0957809fb96b16e36ec83a1,Pear_obj,-0.1523553652569917,-13.718212749501149,-0.1143719005870657,-10.293180598302811,-0.3502251222490096,-58.59645048752986,0.3201465201465199,256.0,-0.274,0.98,6,5,3,True,train,3
5fb8f506fd4d9d0b2ad9e6b358c8ff8f09fe6645_V6,5fb8f506fd4d9d0b2ad9e6b358c8ff8f09fe6645,Faces,/Users/xiaoxuan/Downloads/original/HvM_with_discfade/Variation06_20110131/face0004_rx-08.234_ry-05.322_rz-56.164_tx+00.569_ty-00.359_s+01.223_5fb8f506fd4d9d0b2ad9e6b358c8ff8f09fe6645_256x256.png,0dce4b2c17872c0e22f151d88c704fc044e2ff94,face0004,-0.0590112174676762,-5.321999999999999,-0.0914781255211608,-8.234000000000002,-0.3357504987773113,-56.164,0.8538461538461533,256.0,0.569,-0.359,6,4,3,True,train,0
6e02cf3db148d784bca3052ce2ed8b55aebd052a_V3,6e02cf3db148d784bca3052ce2ed8b55aebd052a,Faces,/Users/xiaoxuan/Downloads/original/HvM_with_discfade/Variation03_20110128/face0001_rx-08.819_ry+25.594_rz+08.279_tx-00.049_ty+00.046_s+00.984_6e02cf3db148d784bca3052ce2ed8b55aebd052a_256x256.png,e9a28caa6ce9bf706d4c289e72716265917ecb7d,face0001,0.2846946603075075,25.594000000000005,-0.0979821001723366,-8.819,0.0477262318565285,8.278999999999998,0.2410256410256406,256.0,-0.049,0.046,3,4,0,True,train,3
a206f7e5868da6b94cc8417071ef2b5f3dda8297_V6,a206f7e5868da6b94cc8417071ef2b5f3dda8297,Animals,/Users/xiaoxuan/Downloads/original/HvM_with_discfade/Variation06_20110131/bear_rx+21.300_ry+02.779_rz-30.851_tx+00.574_ty-00.780_s+00.780_a206f7e5868da6b94cc8417071ef2b5f3dda8297_256x256.png,7d314d2e634aedfb9a79edec09531696d06294f8,bear,-0.9695160591001568,2.7789999999999995,0.2368780921674256,21.300000000000004,-0.1851220909978103,-30.851,-0.2820512820512822,256.0,0.574,-0.78,6,0,4,True,train,0
a97c3ab821ca6486546ce1785507eced5e392f2b_V3,a97c3ab821ca6486546ce1785507eced5e392f2b,Planes,/Users/xiaoxuan/Downloads/original/HvM_with_discfade/Variation03_20110128/mig29_rx+30.779_ry-04.247_rz+03.665_tx-00.216_ty+00.331_s+01.165_a97c3ab821ca6486546ce1785507eced5e392f2b_256x256.png,17b36ee2af2a3d135c1d8fead6d35e566f68f004,mig29,-0.0470600006670447,85.753,0.3422647173272453,30.779,0.0202700048785084,3.665000000000001,-0.4437869822485208,256.0,-0.216,0.331,3,6,5,True,train,3
15c7050aac77ab680a21f0c596b41292d4944341_V3,15c7050aac77ab680a21f0c596b41292d4944341,Faces,/Users/xiaoxuan/Downloads/original/HvM_with_discfade/Variation03_20110128/face0001_rx+16.807_ry-36.558_rz+43.368_tx-00.005_ty-00.080_s+00.811_15c7050aac77ab680a21f0c596b41292d4944341_256x256.png,15497393c472705abc00d20b714ee4cfff93e657,face0001,-0.406274666755606,-36.558,0.186925343265319,16.807,0.2565280412262167,43.368,-0.2025641025641029,256.0,-0.005,-0.08,3,4,0,True,train,2
edf6c4638ff490015a7eee422f48c67dfef14b6b_V3,edf6c4638ff490015a7eee422f48c67dfef14b6b,Animals,/Users/xiaoxuan/Downloads/original/HvM_with_discfade/Variation03_20110128/bear_rx-18.636_ry+109.577_rz-11.266_tx+00.151_ty-00.272_s+01.001_edf6c4638ff490015a7eee422f48c67dfef14b6b_256x256.png,2e7329a589c41e4785704bc759887fff96f1d901,bear,0.2178011984569032,109.577,-0.2071265773528354,-18.636,-0.0685789168832632,-11.266,0.2846153846153836,256.0,0.151,-0.272,3,0,4,True,train,0
154c18cb67cf49feef11f4baa524d37b8818c711_V6,154c18cb67cf49feef11f4baa524d37b8818c711,Fruits,/Users/xiaoxuan/Downloads/original/HvM_with_discfade/Variation06_20110131/Apricot_obj_rx-171.287_ry-52.750_rz+84.879_tx+00.282_ty+00.248_s+00.774_154c18cb67cf49feef11f4baa524d37b8818c711_256x256.png,9311a377b7f7b89c74e751290032541e6b8ec3e5,Apricot_obj,0.87956762731182,79.10222850907091,-0.4085036090868155,-36.74885711931288,1.0,168.30794970716207,-0.0139194139194138,256.0,0.282,0.248,6,5,1,True,train,1
a6a28efca9fe4378d8ab241c6c288603ffcb6240_V6,a6a28efca9fe4378d8ab241c6c288603ffcb6240,Cars,/Users/xiaoxuan/Downloads/original/HvM_with_discfade/Variation06_20110131/bmw325_rx+29.416_ry+25.651_rz-83.777_tx+00.096_ty+00.654_s+01.407_a6a28efca9fe4378d8ab241c6c288603ffcb6240_256x256.png,54268206e124185b9caebc1d23f2a9a328b78097,bmw325,0.2853283527332155,115.65099999999998,0.3271110122852751,29.416,-0.5000653656052404,-83.777,0.6041025641025637,256.0,0.096,0.654,6,2,3,True,train,1
6a47b35572f881fd7e539d2f30cc93891f6563e4_V0,6a47b35572f881fd7e539d2f30cc93891f6563e4,Cars,/Users/xiaoxuan/Downloads/original/HvM_with_discfade/Variation00_20110203/z3_rx+00.000_ry+00.000_rz+00.000_tx+00.000_ty+00.000_s+01.000_6a47b35572f881fd7e539d2f30cc93891f6563e4_256x256.png,c7584e7e52b298d561bb25ca7ed1a55fca8e3e18,z3,0.0001556437536824,90.0,6.670743231040888e-05,0.0,-0.0015390700834425,-0.0,-0.230769230769231,256.0,0.0,0.0,0,2,7,True,train,4
6d6f9a50dd1734069d431cc2076c9545d229f39c_V3,6d6f9a50dd1734069d431cc2076c9545d229f39c,Fruits,/Users/xiaoxuan/Downloads/original/HvM_with_discfade/Variation03_20110128/walnut_obj_rx-109.203_ry+38.356_rz+17.766_tx-00.027_ty-00.087_s+00.568_6d6f9a50dd1734069d431cc2076c9545d229f39c_256x256.png,827a48bad83cebaf64e981c09b5cbca934a8ff53,walnut_obj,-0.1354315419930429,-12.19593177073221,-0.1661131390147521,-14.947046288681085,-0.1336184868787543,-22.19585486314035,-0.6175824175824178,256.0,-0.027,-0.087,3,5,6,True,train,2
359b8f0d1c80b5038998487cc7e2f116843c6b3d_V0,359b8f0d1c80b5038998487cc7e2f116843c6b3d,Faces,/Users/xiaoxuan/Downloads/original/HvM_with_discfade/Variation00_20110203/face0001_rx+00.000_ry+00.000_rz+00.000_tx+00.000_ty+00.000_s+00.800_359b8f0d1c80b5038998487cc7e2f116843c6b3d_256x256.png,a2770da89534fcacd641ff525b4a175340f7e8ca,face0001,0.0001556437536824,-0.0,6.670743231040888e-05,0.0,-0.0015390700834425,-0.0,-0.230769230769231,256.0,0.0,0.0,0,4,0,True,train,4
e7592078b5e45cd89ec96455a5286b2ed296a48b_V3,e7592078b5e45cd89ec96455a5286b2ed296a48b,Boats,/Users/xiaoxuan/Downloads/original/HvM_with_discfade/Variation03_20110128/DTUG_L_rx-44.097_ry+41.685_rz-30.792_tx+00.166_ty+00.040_s+01.147_e7592078b5e45cd89ec96455a5286b2ed296a48b_256x256.png,e854cce3e97780c5e00c66f27b82e6ab50388eb7,DTUG_L,0.4635849203437503,131.685,-0.4901995664016979,-44.097,-0.1847710035700462,-30.792,-0.3213675213675214,256.0,0.166,0.04,3,1,2,True,train,1
c5d603195a1fe86303dd7e9268aeaf3ee17cd24f_V3,c5d603195a1fe86303dd7e9268aeaf3ee17cd24f,Fruits,/Users/xiaoxuan/Downloads/original/HvM_with_discfade/Variation03_20110128/watermelon_obj_rx-127.657_ry+16.618_rz+17.403_tx+00.120_ty-00.014_s+00.748_c5d603195a1fe86303dd7e9268aeaf3ee17cd24f_256x256.png,de83f74add6fa52b79a984e985fdbc654b4de38a,watermelon_obj,-0.1382049878302911,-12.44540045034686,-0.3983144123149954,-35.832389815671526,-0.0208956685371183,-3.252863014891233,-0.0901098901098901,256.0,0.12,-0.014,3,5,7,True,train,0
