,_id,bg_id,category,filename,id,obj,rxy,rxy_semantic,rxz,rxz_semantic,ryz,ryz_semantic,s,size,ty,tz,var,category_id,obj_id,cat_1b,id_1b,pos_1b,file_exists
0,26667f9e3dad7575fb01344e19045ea4784e558a_V6,26667f9e3dad7575fb01344e19045ea4784e558a,Animals,/Users/markbai/PycharmProjects/RNN_NatAbs/data/original/HvM_with_discfade/Variation06_20110131/GORILLA_rx-85.276_ry-74.287_rz-28.004_tx-00.120_ty+00.157_s+00.817_26667f9e3dad7575fb01344e19045ea4784e558a_256x256.png,1ec6058f8bb30d29762aeeac4d6c69f9ec722a0d,GORILLA,-0.8257234655193499,15.712999999999997,-0.9480237923175339,-85.27599999999998,-0.16818063494960422,-28.004,-0.18717948717948796,256.0,-0.12,0.157,6,0,1,1,2,5,True
1,78b172711d9d385bd3cb4bd5ff20188f839d329f_V6,78b172711d9d385bd3cb4bd5ff20188f839d329f,Animals,/Users/markbai/PycharmProjects/RNN_NatAbs/data/original/HvM_with_discfade/Variation06_20110131/GORILLA_rx+19.114_ry+04.513_rz+17.922_tx-00.509_ty-00.882_s+01.081_78b172711d9d385bd3cb4bd5ff20188f839d329f_256x256.png,86fade31f0f39547958ce6a955bb1c99ef70bc7b,GORILLA,0.05032851949438011,94.51299999999999,0.2125743509922633,19.114,0.10510819907565416,17.922000000000004,0.4897435897435889,256.0,-0.509,-0.882,6,0,1,1,2,9,True
2,b495962c4ed6a10ce7b9dc42c48ea27557c94d95_V6,b495962c4ed6a10ce7b9dc42c48ea27557c94d95,Animals,/Users/markbai/PycharmProjects/RNN_NatAbs/data/original/HvM_with_discfade/Variation06_20110131/blCow_rx-05.388_ry+14.341_rz+35.283_tx-00.059_ty-00.247_s+01.257_b495962c4ed6a10ce7b9dc42c48ea27557c94d95_256x256.png,c96e16aba91d42ce7d25b3efcfa41c70e3fc6b47,blCow,0.1595904345795951,104.34100000000001,-0.05983656679082583,-5.388,0.2084171623538087,35.28300000000001,0.9410256410256401,256.0,-0.059,-0.247,6,0,5,1,6,5,True
3,57c8fa29cd079ca8668f876ded59d1bdc29bb344_V3,57c8fa29cd079ca8668f876ded59d1bdc29bb344,Animals,/Users/markbai/PycharmProjects/RNN_NatAbs/data/original/HvM_with_discfade/Variation03_20110128/blCow_rx+03.762_ry-21.757_rz-35.819_tx-00.237_ty-00.539_s+00.840_57c8fa29cd079ca8668f876ded59d1bdc29bb344_256x256.png,2a6acd91300861ed9594114068f052bf7150befa,blCow,-0.2417258668801211,68.243,0.04189226749679409,3.762,-0.2146848425424145,-35.819,-0.12820512820512886,256.0,-0.237,-0.539,3,0,5,1,6,9,True
4,11dd53f0429c268c5263f44cc5d70b1699149d05_V3,11dd53f0429c268c5263f44cc5d70b1699149d05,Animals,/Users/markbai/PycharmProjects/RNN_NatAbs/data/original/HvM_with_discfade/Variation03_20110128/TURTLE_L_rx+43.286_ry+00.015_rz+32.641_tx-00.141_ty-00.265_s+00.714_11dd53f0429c268c5263f44cc5d70b1699149d05_256x256.png,64e527b2ba843f91e55c8076203b075dd21b8fcc,TURTLE_L,0.000322404918342567,90.015,0.4813163599977657,43.286,0.1926955863512232,32.641,-0.45128205128205157,256.0,-0.141,-0.265,3,0,3,1,4,5,True
5,3489581237a6ecd6dcf98d71b1d7393a4cd39e33_V6,3489581237a6ecd6dcf98d71b1d7393a4cd39e33,Animals,/Users/markbai/PycharmProjects/RNN_NatAbs/data/original/HvM_with_discfade/Variation06_20110131/TURTLE_L_rx+00.124_ry-85.896_rz+50.250_tx+00.127_ty-00.728_s+01.099_3489581237a6ecd6dcf98d71b1d7393a4cd39e33_256x256.png,55fafc328dcf59a65afdd4b9037427b9d7b9e59a,TURTLE_L,-0.9547854895551925,4.104000000000002,0.0014453277002519638,0.12399999999999999,0.2974803069528602,50.25,0.5358974358974351,256.0,0.127,-0.728,6,0,3,1,4,8,True
6,18e85484078b22bc47057aad20ed0d6c815f8728_V0,18e85484078b22bc47057aad20ed0d6c815f8728,Animals,/Users/markbai/PycharmProjects/RNN_NatAbs/data/original/HvM_with_discfade/Variation00_20110203/hedgehog_rx+00.000_ry+90.000_rz+00.000_tx+00.000_ty+00.000_s+00.800_18e85484078b22bc47057aad20ed0d6c815f8728_256x256.png,51c1fb90225cb91acd7e7fbcf24bdcea91b2b2ad,hedgehog,0.0001556437536824884,90.0,6.670743231040888e-05,0.0,-0.001539070083442562,-0.0,-0.23076923076923106,256.0,0.0,0.0,0,0,7,1,8,5,True
7,d75ce2982a4bac1308844aecf2146fd2c8ee6271_V6,d75ce2982a4bac1308844aecf2146fd2c8ee6271,Animals,/Users/markbai/PycharmProjects/RNN_NatAbs/data/original/HvM_with_discfade/Variation06_20110131/hedgehog_rx+76.648_ry+12.813_rz-87.729_tx+00.026_ty+00.605_s+00.748_d75ce2982a4bac1308844aecf2146fd2c8ee6271_256x256.png,4a66393e5fa6ed0fe9cee7000e13c99add04ae0c,hedgehog,-0.8579639573536115,12.812999999999997,0.8522319195063535,76.648,-0.5235822726310606,-87.729,-0.3641025641025645,256.0,0.026,0.605,6,0,7,1,8,2,True
8,0e33ad953e9bf75af6912369e4b376d7b176d6ac_V3,0e33ad953e9bf75af6912369e4b376d7b176d6ac,Animals,/Users/markbai/PycharmProjects/RNN_NatAbs/data/original/HvM_with_discfade/Variation03_20110128/ELEPHANT_M_rx-23.536_ry+15.802_rz+44.077_tx-00.154_ty+00.073_s+00.729_0e33ad953e9bf75af6912369e4b376d7b176d6ac_256x256.png,bea8f8a25f4df9abc87a699e5de7699c722b244a,ELEPHANT_M,0.1758329720174765,105.802,-0.26160431374729864,-23.536,0.2607470409937538,44.07699999999999,-0.41282051282051324,256.0,-0.154,0.073,3,0,0,1,1,5,True
9,8c44bc9e5ad306f567ee61825392e4cadbf5cc54_V6,8c44bc9e5ad306f567ee61825392e4cadbf5cc54,Animals,/Users/markbai/PycharmProjects/RNN_NatAbs/data/original/HvM_with_discfade/Variation06_20110131/ELEPHANT_M_rx-47.161_ry+15.647_rz+24.098_tx-00.098_ty-00.893_s+01.006_8c44bc9e5ad306f567ee61825392e4cadbf5cc54_256x256.png,4c9ab7a51fd39c54115213911e248358f0cd3cc3,ELEPHANT_M,0.1741097733159902,105.647,-0.5242648285063173,-47.161,0.14185931693786746,24.098,0.2974358974358966,256.0,-0.098,-0.893,6,0,0,1,1,8,True
10,ad19e0c8556630f1d72e5abce46906fe58a2b62b_V3,ad19e0c8556630f1d72e5abce46906fe58a2b62b,Animals,/Users/markbai/PycharmProjects/RNN_NatAbs/data/original/HvM_with_discfade/Variation03_20110128/bear_rx-11.585_ry+97.788_rz-02.944_tx+00.199_ty-00.347_s+00.861_ad19e0c8556630f1d72e5abce46906fe58a2b62b_256x256.png,56a89007d57a07695ee3f7329d13a01005ec98f7,bear,0.086738040445141,97.788,-0.1287342264717416,-11.585,-0.019057737665430063,-2.944,-0.07435897435897476,256.0,0.199,-0.347,3,0,4,1,5,5,True
11,7059e9c922b1b22e1e3787f0c9cc69f7b5aad44d_V6,7059e9c922b1b22e1e3787f0c9cc69f7b5aad44d,Animals,/Users/markbai/PycharmProjects/RNN_NatAbs/data/original/HvM_with_discfade/Variation06_20110131/bear_rx-02.813_ry+177.258_rz-75.165_tx+00.288_ty-00.594_s+00.567_7059e9c922b1b22e1e3787f0c9cc69f7b5aad44d_256x256.png,3a3b482d2d604a651483637467c2e067edc26838,bear,0.9702386908136833,177.258,-0.03120796042026608,-2.813,-0.44881850242043164,-75.165,-0.8282051282051285,256.0,0.288,-0.594,6,0,4,1,5,7,True
12,c280fbdeca914db53621256842575a5baa0b56a5_V0,c280fbdeca914db53621256842575a5baa0b56a5,Boats,/Users/markbai/PycharmProjects/RNN_NatAbs/data/original/HvM_with_discfade/Variation00_20110203/motoryacht_rx+00.000_ry+90.000_rz+00.000_tx+00.000_ty+00.000_s+01.200_c280fbdeca914db53621256842575a5baa0b56a5_256x256.png,3fc60cd117aaa9fd40dc765ad0318384141fc7e9,motoryacht,0.0001556437536824884,-90.0,6.670743231040888e-05,0.0,-0.001539070083442562,-0.0,-0.23076923076923106,256.0,0.0,0.0,0,1,6,2,7,5,True
13,9c79b41ac1a2d5ae0bbb49b75b3a9eaafcb7647d_V6,9c79b41ac1a2d5ae0bbb49b75b3a9eaafcb7647d,Boats,/Users/markbai/PycharmProjects/RNN_NatAbs/data/original/HvM_with_discfade/Variation06_20110131/motoryacht_rx-72.194_ry+79.304_rz-52.241_tx+00.240_ty+00.700_s+01.519_9c79b41ac1a2d5ae0bbb49b75b3a9eaafcb7647d_256x256.png,d09739215941ffee7b0778d95a393742ba851937,motoryacht,-0.11875618405985622,-100.696,-0.8025793540497042,-72.194,-0.3124061601481888,-52.24100000000001,0.3145299145299141,256.0,0.24,0.7,6,1,6,2,7,1,True
14,2f1141733900ea5f2820a3aac7e347d6da2f4fd6_V3,2f1141733900ea5f2820a3aac7e347d6da2f4fd6,Boats,/Users/markbai/PycharmProjects/RNN_NatAbs/data/original/HvM_with_discfade/Variation03_20110128/SISTER_L_rx+01.899_ry+30.339_rz-19.162_tx+00.091_ty+00.210_s+01.074_2f1141733900ea5f2820a3aac7e347d6da2f4fd6_256x256.png,6357d82951861dc06f2db8f8ebb8a823effdea65,SISTER_L,0.33744677539494594,120.33900000000001,0.021179609761511564,1.899,-0.11556512585995282,-19.162000000000003,-0.446153846153846,256.0,0.091,0.21,3,1,4,2,5,5,True
15,a51c72d8b4a890cffa5d970d91f94c9ba307f26b_V3,a51c72d8b4a890cffa5d970d91f94c9ba307f26b,Boats,/Users/markbai/PycharmProjects/RNN_NatAbs/data/original/HvM_with_discfade/Variation03_20110128/SISTER_L_rx-38.132_ry+30.305_rz-05.646_tx+00.233_ty-00.573_s+01.421_a51c72d8b4a890cffa5d970d91f94c9ba307f26b_256x256.png,0130b9fee42f0c11530b99fe9b3d60ca0b5674bf,SISTER_L,0.33706878342171676,120.305,-0.42388126077047894,-38.132,-0.035136351730148285,-5.645999999999999,0.14700854700854693,256.0,0.233,-0.573,3,1,4,2,5,7,True
16,69a36a40f71554c6860a980216f9e0772c2d024f_V3,69a36a40f71554c6860a980216f9e0772c2d024f,Boats,/Users/markbai/PycharmProjects/RNN_NatAbs/data/original/HvM_with_discfade/Variation03_20110128/CGTG_L_rx-21.761_ry+41.124_rz-37.304_tx+00.113_ty-00.031_s+01.263_69a36a40f71554c6860a980216f9e0772c2d024f_256x256.png,164870e9b69fa6114efe787ef48ca7e799187ceb,CGTG_L,0.4573480527854672,131.124,-0.24187003168603893,-21.761,-0.22352153458020363,-37.303999999999995,-0.12307692307692342,256.0,0.113,-0.031,3,1,1,2,2,5,True
17,7f920f6d466f9485a410853e96d4a115bc631a72_V3,7f920f6d466f9485a410853e96d4a115bc631a72,Boats,/Users/markbai/PycharmProjects/RNN_NatAbs/data/original/HvM_with_discfade/Variation03_20110128/CGTG_L_rx+23.360_ry-00.543_rz+42.434_tx+00.272_ty+00.124_s+01.308_7f920f6d466f9485a410853e96d4a115bc631a72_256x256.png,01960ca4402c62dcf784bf42a5e6906fb756ace9,CGTG_L,-0.005881110407008561,89.45700000000001,0.2597809772638735,23.36,0.25097014872568124,42.434,-0.04615384615384632,256.0,0.272,0.124,3,1,1,2,2,4,True
18,2ad9964a2ec16b0ef3703728d01106f1f7c61942_V3,2ad9964a2ec16b0ef3703728d01106f1f7c61942,Boats,/Users/markbai/PycharmProjects/RNN_NatAbs/data/original/HvM_with_discfade/Variation03_20110128/BAHRAIN_rx+42.676_ry-05.118_rz-11.334_tx-00.079_ty-00.309_s+01.430_2ad9964a2ec16b0ef3703728d01106f1f7c61942_256x256.png,2c85b195f4379ea7b4b909c8194b848d2bfef9b6,BAHRAIN,-0.056743265628300454,84.88199999999999,0.4745344377119245,42.676,-0.06898356002034722,-11.334,0.16239316239316204,256.0,-0.079,-0.309,3,1,0,2,1,5,True
19,9f2054a459bcd0e3c0c85895041717fd56c457f8_V6,9f2054a459bcd0e3c0c85895041717fd56c457f8,Boats,/Users/markbai/PycharmProjects/RNN_NatAbs/data/original/HvM_with_discfade/Variation06_20110131/BAHRAIN_rx-69.201_ry-58.015_rz-25.759_tx+00.430_ty-00.532_s+01.705_9f2054a459bcd0e3c0c85895041717fd56c457f8_256x256.png,dd95c545a2459b05276eec748d33187d9fa0ff7b,BAHRAIN,-0.64482095409621,31.985000000000007,-0.7693034632275351,-69.201,-0.15482146079146508,-25.759,0.632478632478632,256.0,0.43,-0.532,6,1,0,2,1,7,True
20,2061c1cd9bd54068d5f7afa38fb57f6d151e4cfd_V3,2061c1cd9bd54068d5f7afa38fb57f6d151e4cfd,Boats,/Users/markbai/PycharmProjects/RNN_NatAbs/data/original/HvM_with_discfade/Variation03_20110128/MQUEEN_L_rx-31.404_ry+40.300_rz-05.451_tx-00.005_ty+00.056_s+01.325_2061c1cd9bd54068d5f7afa38fb57f6d151e4cfd_256x256.png,91efba645657195537fcd45e7c17ef0a1568b576,MQUEEN_L,0.44818730614014624,-49.699999999999996,-0.3490799933292651,-31.403999999999993,-0.03397597802821639,-5.451,-0.017094017094017255,256.0,-0.005,0.056,3,1,3,2,4,5,True
21,41c152a34df114d531f527d456ee2e3076fbe058_V3,41c152a34df114d531f527d456ee2e3076fbe058,Boats,/Users/markbai/PycharmProjects/RNN_NatAbs/data/original/HvM_with_discfade/Variation03_20110128/MQUEEN_L_rx-23.942_ry-44.556_rz-43.989_tx+00.270_ty-00.114_s+01.497_41c152a34df114d531f527d456ee2e3076fbe058_256x256.png,dfb64beedf54f2fc7c88c733b74b8e9ec2c09e40,MQUEEN_L,-0.4951917197523039,-134.55599999999998,-0.2661181833342683,-23.941999999999997,-0.26330152533617746,-43.989,0.2769230769230766,256.0,0.27,-0.114,3,1,3,2,4,4,True
22,b5cf91779233cbc3c6a3fa33c10dfd8ba404fccf_V3,b5cf91779233cbc3c6a3fa33c10dfd8ba404fccf,Boats,/Users/markbai/PycharmProjects/RNN_NatAbs/data/original/HvM_with_discfade/Variation03_20110128/cruiser_rx-12.632_ry+108.009_rz-23.280_tx-00.078_ty+00.058_s+01.524_b5cf91779233cbc3c6a3fa33c10dfd8ba404fccf_256x256.png,12126654c877c606c8c63e409b1d0c3b4ef58e90,cruiser,0.20036909804444747,108.009,-0.1403746734115383,-12.632,-0.14006983819100738,-23.28,0.3230769230769226,256.0,-0.078,0.058,3,1,5,2,6,5,True
23,95c7718f141d27c0a104aa25463e2dca496bbf75_V3,95c7718f141d27c0a104aa25463e2dca496bbf75,Boats,/Users/markbai/PycharmProjects/RNN_NatAbs/data/original/HvM_with_discfade/Variation03_20110128/cruiser_rx+25.820_ry+99.266_rz-11.535_tx-00.223_ty+00.354_s+01.463_95c7718f141d27c0a104aa25463e2dca496bbf75_256x256.png,f084b6289475421dadb02e8231709d83c513aa5e,cruiser,0.10316957386963721,99.266,0.2871310245149714,25.820000000000004,-0.07017963752849243,-11.535000000000002,0.21880341880341847,256.0,-0.223,0.354,3,1,5,2,6,6,True
24,4186ef7a8ec117ae6a898e7f055061ce6cd49f29_V3,4186ef7a8ec117ae6a898e7f055061ce6cd49f29,Cars,/Users/markbai/PycharmProjects/RNN_NatAbs/data/original/HvM_with_discfade/Variation03_20110128/alfa155_rx-33.751_ry+37.245_rz-30.357_tx+00.117_ty+00.385_s+00.864_4186ef7a8ec117ae6a898e7f055061ce6cd49f29_256x256.png,e4308c9ef3a8ad51b6a871a3c9c81e1eda1dd1cb,alfa155,0.4142236156043979,127.245,-0.37517371727167426,-33.751,-0.18218247761958273,-30.357,-0.5097435897435899,256.0,0.117,0.385,3,2,1,3,2,5,True
25,b8a7f00821be7928015d3ad35fd4cd7bc563223d_V3,b8a7f00821be7928015d3ad35fd4cd7bc563223d,Cars,/Users/markbai/PycharmProjects/RNN_NatAbs/data/original/HvM_with_discfade/Variation03_20110128/alfa155_rx+12.742_ry-08.002_rz+18.475_tx-00.249_ty+00.489_s+00.967_b8a7f00821be7928015d3ad35fd4cd7bc563223d_256x256.png,1f4c1df61c36737e63a8dd267575ee2aad3c92ed,alfa155,-0.08880587888692482,81.998,0.1417310578686879,12.742,0.10839889988164586,18.474999999999998,-0.2984615384615388,256.0,-0.249,0.489,3,2,1,3,2,3,True
26,0a94e5e3111d74320cd08361e2c9d8c87aaac12f_V0,0a94e5e3111d74320cd08361e2c9d8c87aaac12f,Cars,/Users/markbai/PycharmProjects/RNN_NatAbs/data/original/HvM_with_discfade/Variation00_20110203/Beetle_rx+00.000_ry+00.000_rz+00.000_tx+00.000_ty+00.000_s+01.000_0a94e5e3111d74320cd08361e2c9d8c87aaac12f_256x256.png,207af40ae3cdf86f513e8e3e705c6cea1d53f648,Beetle,0.0001556437536824884,90.0,6.670743231040888e-05,0.0,-0.001539070083442562,-0.0,-0.23076923076923106,256.0,0.0,0.0,0,2,0,3,1,5,True
27,e91ce8e221b8f9a3d9f4a8743e8fb8871308ab95_V3,e91ce8e221b8f9a3d9f4a8743e8fb8871308ab95,Cars,/Users/markbai/PycharmProjects/RNN_NatAbs/data/original/HvM_with_discfade/Variation03_20110128/Beetle_rx+39.459_ry+34.103_rz-04.510_tx-00.262_ty+00.247_s+00.798_e91ce8e221b8f9a3d9f4a8743e8fb8871308ab95_256x256.png,d012851976f423aff8f546f0d974da4a235bf6fc,Beetle,0.3792927103136223,124.103,0.4387681360831517,39.45900000000001,-0.028376431087098752,-4.51,-0.6451282051282052,256.0,-0.262,0.247,3,2,0,3,1,6,True
28,bdd43e6965f7ffa00201796daf22d40cf53ba44e_V0,bdd43e6965f7ffa00201796daf22d40cf53ba44e,Cars,/Users/markbai/PycharmProjects/RNN_NatAbs/data/original/HvM_with_discfade/Variation00_20110203/clio_rx+00.000_ry+00.000_rz+00.000_tx+00.000_ty+00.000_s+01.000_bdd43e6965f7ffa00201796daf22d40cf53ba44e_256x256.png,de6005b6c4eae85070ca2674466739b213404481,clio,0.0001556437536824884,90.0,6.670743231040888e-05,0.0,-0.001539070083442562,-0.0,-0.23076923076923106,256.0,0.0,0.0,0,2,6,3,7,5,True
29,d6288d2ff384590e70fd5aa1d6768ce47a163a62_V6,d6288d2ff384590e70fd5aa1d6768ce47a163a62,Cars,/Users/markbai/PycharmProjects/RNN_NatAbs/data/original/HvM_with_discfade/Variation06_20110131/clio_rx+38.470_ry+69.221_rz-76.168_tx+00.591_ty-00.477_s+01.260_d6288d2ff384590e70fd5aa1d6768ce47a163a62_256x256.png,287900f6b85bc275c7de6c7d9ea22cd09893c3d2,clio,0.7697139490155533,159.221,0.42777252765577933,38.47,-0.45478698869242007,-76.16800000000002,0.30256410256410216,256.0,0.591,-0.477,6,2,6,3,7,7,True
30,3d655bf1c7cfa94e816c8cfa800dfc3b6732ac90_V3,3d655bf1c7cfa94e816c8cfa800dfc3b6732ac90,Cars,/Users/markbai/PycharmProjects/RNN_NatAbs/data/original/HvM_with_discfade/Variation03_20110128/z3_rx-14.799_ry+20.982_rz+25.789_tx+00.141_ty-00.241_s+01.029_3d655bf1c7cfa94e816c8cfa800dfc3b6732ac90_256x256.png,b5ac50a01476a9cb9e04d235289e7e02f211d0d0,z3,0.23342116088005427,110.982,-0.16446717438435476,-14.798999999999998,0.1519218396556461,25.789,-0.17128205128205176,256.0,0.141,-0.241,3,2,7,3,8,5,True
31,fa3aff9af6b31c0527d07d84a9f49b95f265f1fb_V6,fa3aff9af6b31c0527d07d84a9f49b95f265f1fb,Cars,/Users/markbai/PycharmProjects/RNN_NatAbs/data/original/HvM_with_discfade/Variation06_20110131/z3_rx+63.566_ry-40.296_rz-61.601_tx-00.595_ty-00.195_s+01.480_fa3aff9af6b31c0527d07d84a9f49b95f265f1fb_256x256.png,834f248ef88b8eb6dc7bc0a14ced52de64191a33,z3,-0.44783154898887145,49.70400000000001,0.7067874812385233,63.565999999999995,-0.368104097840921,-61.60099999999999,0.7538461538461532,256.0,-0.595,-0.195,6,2,7,3,8,6,True
32,79dbecd8b42989a4ea53d6665adc9c4a0af228bc_V0,79dbecd8b42989a4ea53d6665adc9c4a0af228bc,Cars,/Users/markbai/PycharmProjects/RNN_NatAbs/data/original/HvM_with_discfade/Variation00_20110203/bmw325_rx+00.000_ry+00.000_rz+00.000_tx+00.000_ty+00.000_s+01.000_79dbecd8b42989a4ea53d6665adc9c4a0af228bc_256x256.png,5a0da0b97b8aba7f83966d3f53d25a5fdbcaa320,bmw325,0.0001556437536824884,90.0,6.670743231040888e-05,0.0,-0.001539070083442562,-0.0,-0.23076923076923106,256.0,0.0,0.0,0,2,3,3,4,5,True
33,6ae08af16e8ef2fef7943d808b92b6c6df35561f_V6,6ae08af16e8ef2fef7943d808b92b6c6df35561f,Cars,/Users/markbai/PycharmProjects/RNN_NatAbs/data/original/HvM_with_discfade/Variation06_20110131/bmw325_rx-86.900_ry-84.082_rz+35.481_tx+00.509_ty-00.792_s+00.703_6ae08af16e8ef2fef7943d808b92b6c6df35561f_256x256.png,36b74d1753c4fe9878d037883e9afe904bd78489,bmw325,-0.9346185060423129,5.917999999999993,-0.9660792706654132,-86.89999999999999,0.20959538795884702,35.48100000000001,-0.8400000000000001,256.0,0.509,-0.792,6,2,3,3,4,7,True
34,679d15faec83532c20e025dfb45d965e88e15d56_V3,679d15faec83532c20e025dfb45d965e88e15d56,Cars,/Users/markbai/PycharmProjects/RNN_NatAbs/data/original/HvM_with_discfade/Variation03_20110128/celica_rx-32.332_ry+12.366_rz+44.557_tx-00.126_ty-00.373_s+00.795_679d15faec83532c20e025dfb45d965e88e15d56_256x256.png,666c2c9339d4cbdc43adae456e35bc17a98a254b,celica,0.1376335478993651,102.36600000000001,-0.3593974095280532,-32.332,0.2636033454908171,44.557,-0.6512820512820513,256.0,-0.126,-0.373,3,2,5,3,6,5,True
35,5a2bbfdc57de4e0d72b54fdda928e69f0fda5b33_V3,5a2bbfdc57de4e0d72b54fdda928e69f0fda5b33,Cars,/Users/markbai/PycharmProjects/RNN_NatAbs/data/original/HvM_with_discfade/Variation03_20110128/celica_rx+28.037_ry+42.431_rz-29.771_tx-00.157_ty+00.551_s+01.122_5a2bbfdc57de4e0d72b54fdda928e69f0fda5b33_256x256.png,5314268bd4a7f812a1a6ae243d5a3f01579e886d,celica,0.4718785089328399,132.431,0.3117794207571192,28.037,-0.17869540587941823,-29.771000000000004,0.019487179487179374,256.0,-0.157,0.551,3,2,5,3,6,2,True
36,650814f3f93ce38034a8e7ab155a88265efa5232_V6,650814f3f93ce38034a8e7ab155a88265efa5232,Chairs,/Users/markbai/PycharmProjects/RNN_NatAbs/data/original/HvM_with_discfade/Variation06_20110131/_031_rx-43.069_ry+34.144_rz-72.921_tx-00.098_ty-00.318_s+00.558_650814f3f93ce38034a8e7ab155a88265efa5232_256x256.png,511d83ba48cf51ce4e2a0da45dfad7cfbfe921c7,_031,0.37974852416369287,34.144,-0.4787703596642473,-43.069,-0.4354652788966613,-72.921,-0.6468864468864468,256.0,-0.098,-0.318,6,3,6,4,7,5,True
37,366fb365218d0f26defbffba6e16f35e345a286a_V6,366fb365218d0f26defbffba6e16f35e345a286a,Chairs,/Users/markbai/PycharmProjects/RNN_NatAbs/data/original/HvM_with_discfade/Variation06_20110131/_031_rx-14.173_ry-54.287_rz+82.513_tx-00.470_ty+00.640_s+00.708_366fb365218d0f26defbffba6e16f35e345a286a_256x256.png,59c2e56f21f3e6f665179e0e0d377773d19d78a9,_031,-0.6033752459727179,-54.28699999999999,-0.1575073656123276,-14.173000000000002,0.4894656235960888,82.513,-0.2073260073260077,256.0,-0.47,0.64,6,3,6,4,7,3,True
38,10b0bff2f9b7f0a853edac7ed9b5e2d737da033a_V3,10b0bff2f9b7f0a853edac7ed9b5e2d737da033a,Chairs,/Users/markbai/PycharmProjects/RNN_NatAbs/data/original/HvM_with_discfade/Variation03_20110128/_001_rx-21.263_ry-16.534_rz+07.128_tx-00.165_ty+00.095_s+00.723_10b0bff2f9b7f0a853edac7ed9b5e2d737da033a_256x256.png,4dc5fbaba903a63e202938b0efcc415a63b860c6,_001,-0.18365962934551794,-16.534,-0.23633331480349973,-21.263,0.040877051697945754,7.128,-0.16336996336996357,256.0,-0.165,0.095,3,3,0,4,1,5,True
39,f5cd0d63fecaea3648437bb85522e5b7ec5ccaf6_V6,f5cd0d63fecaea3648437bb85522e5b7ec5ccaf6,Chairs,/Users/markbai/PycharmProjects/RNN_NatAbs/data/original/HvM_with_discfade/Variation06_20110131/_001_rx+25.949_ry-11.238_rz+49.199_tx-00.428_ty+00.113_s+00.914_f5cd0d63fecaea3648437bb85522e5b7ec5ccaf6_256x256.png,d4dd9a086994a89bf6e2d32efab254bdd4648888,_001,-0.1247818208095699,-11.238,0.28856523430984593,25.949000000000005,0.2912261902311657,49.199000000000005,0.39633699633699604,256.0,-0.428,0.113,6,3,0,4,1,6,True
40,b90b0d95ce4488673ecc01645a329d4040eafc8b_V3,b90b0d95ce4488673ecc01645a329d4040eafc8b,Chairs,/Users/markbai/PycharmProjects/RNN_NatAbs/data/original/HvM_with_discfade/Variation03_20110128/_011_rx-30.127_ry-29.213_rz+44.170_tx+00.008_ty+00.073_s+00.777_b90b0d95ce4488673ecc01645a329d4040eafc8b_256x256.png,9a919cb846f828cce1535616dbd9bc122f9c3c90,_011,-0.32461728312710547,-29.213,-0.3348824281505448,-30.127,0.26130044999005997,44.17000000000001,-0.005128205128205221,256.0,0.008,0.073,3,3,4,4,5,5,True
41,ef3a3c3263ee30ca957d7d963b613e620335d260_V6,ef3a3c3263ee30ca957d7d963b613e620335d260,Chairs,/Users/markbai/PycharmProjects/RNN_NatAbs/data/original/HvM_with_discfade/Variation06_20110131/_011_rx+70.416_ry+28.561_rz-16.931_tx-00.287_ty-00.214_s+00.782_ef3a3c3263ee30ca957d7d963b613e620335d260_256x256.png,fa4cedaf9585c9d9c2ac872ad6e31cd1db86be18,_011,0.3176800186772504,28.561000000000003,0.7829451331369053,70.416,-0.10228926058297771,-16.930999999999997,0.009523809523809268,256.0,-0.287,-0.214,6,3,4,4,5,6,True
42,273e8a4d03fa725139c356ad59095b7c049b53e3_V3,273e8a4d03fa725139c356ad59095b7c049b53e3,Chairs,/Users/markbai/PycharmProjects/RNN_NatAbs/data/original/HvM_with_discfade/Variation03_20110128/_033_rx+31.521_ry+01.419_rz-42.236_tx-00.199_ty+00.066_s+00.662_273e8a4d03fa725139c356ad59095b7c049b53e3_256x256.png,ad1569f39b7469916b5519b8f527aa50214799aa,_033,0.0159312499305162,1.4190000000000003,0.35051420312412107,31.520999999999994,-0.2528700632875278,-42.236,-0.34212454212454213,256.0,-0.199,0.066,3,3,7,4,8,5,True
43,a1458856b6110a854e61701e199f18d9c2972ca3_V6,a1458856b6110a854e61701e199f18d9c2972ca3,Chairs,/Users/markbai/PycharmProjects/RNN_NatAbs/data/original/HvM_with_discfade/Variation06_20110131/_033_rx-14.512_ry-89.562_rz-56.282_tx-00.406_ty+00.684_s+00.936_a1458856b6110a854e61701e199f18d9c2972ca3_256x256.png,09f3f539d07b8982691a81e1843a9ae0bdca757b,_033,-0.9955419181980899,-89.56199999999998,-0.1612763355383935,-14.512,-0.3364526736328395,-56.282,0.46080586080586095,256.0,-0.406,0.684,6,3,7,4,8,3,True
44,db3cbafc9be2ec451702dbe598390bf19936c09c_V3,db3cbafc9be2ec451702dbe598390bf19936c09c,Chairs,/Users/markbai/PycharmProjects/RNN_NatAbs/data/original/HvM_with_discfade/Variation03_20110128/_014_rx+19.027_ry+19.001_rz-06.152_tx+00.012_ty+00.257_s+00.905_db3cbafc9be2ec451702dbe598390bf19936c09c_256x256.png,44ec1e8ca05787a2aa955016367d038dc924f66b,_014,0.2113975697339603,19.000999999999998,0.2116070932236267,19.027000000000005,-0.038147372720802375,-6.151999999999999,0.36996336996336976,256.0,0.012,0.257,3,3,5,4,6,5,True
45,b88b90a6f92c2235f4dd7ee79e853df1391691e3_V6,b88b90a6f92c2235f4dd7ee79e853df1391691e3,Chairs,/Users/markbai/PycharmProjects/RNN_NatAbs/data/original/HvM_with_discfade/Variation06_20110131/_014_rx+17.728_ry+69.732_rz+49.317_tx+00.251_ty+00.602_s+00.902_b88b90a6f92c2235f4dd7ee79e853df1391691e3_256x256.png,565fbf41a0293ec36b650609a96e05a5c1384aba,_014,0.7753949460249696,69.732,0.19716493412640057,17.727999999999998,0.29192836508669373,49.317,0.361172161172161,256.0,0.251,0.602,6,3,5,4,6,1,True
46,88a4b3a09911de79a1ed9b25f6b3e878f16965b7_V3,88a4b3a09911de79a1ed9b25f6b3e878f16965b7,Chairs,/Users/markbai/PycharmProjects/RNN_NatAbs/data/original/HvM_with_discfade/Variation03_20110128/_010_rx-24.266_ry+15.450_rz-06.018_tx+00.130_ty+00.380_s+00.842_88a4b3a09911de79a1ed9b25f6b3e878f16965b7_256x256.png,e30ee18271a2329806f08835bbc480c78442f6a4,_010,0.17191964335345578,15.45,-0.26972038467953496,-24.266,-0.037349987715372346,-6.017999999999999,0.1853479853479849,256.0,0.13,0.38,3,3,3,4,4,5,True
47,0bfac703a6d95f21dc1fde68d25255003de843fd_V3,0bfac703a6d95f21dc1fde68d25255003de843fd,Chairs,/Users/markbai/PycharmProjects/RNN_NatAbs/data/original/HvM_with_discfade/Variation03_20110128/_010_rx+00.146_ry+25.394_rz+33.789_tx+00.228_ty-00.568_s+00.676_0bfac703a6d95f21dc1fde68d25255003de843fd_256x256.png,b3d9d65043266dc19a9a1d8da9bda45a4d782a55,_010,0.28247117811204125,25.394000000000005,0.0016899216187578059,0.146,0.19952691460669936,33.789,-0.30109890109890103,256.0,0.228,-0.568,3,3,3,4,4,7,True
48,8b3239e952c1fb52b313b469db5bd095c9a43291_V6,8b3239e952c1fb52b313b469db5bd095c9a43291,Faces,/Users/markbai/PycharmProjects/RNN_NatAbs/data/original/HvM_with_discfade/Variation06_20110131/face0004_rx+06.724_ry+05.586_rz-77.688_tx-00.008_ty-00.366_s+00.681_8b3239e952c1fb52b313b469db5bd095c9a43291_256x256.png,35244b6a5cdaedfe8b1a3e623ffb66384be644f0,face0004,0.062257501473056864,5.585999999999999,0.07482350325197795,6.724,-0.4638319529331201,-77.688,-0.535897435897436,256.0,-0.008,-0.366,6,4,3,5,4,5,True
49,afbab3c6e8d9c1ea162e890a3e8980adc8a84ec0_V3,afbab3c6e8d9c1ea162e890a3e8980adc8a84ec0,Faces,/Users/markbai/PycharmProjects/RNN_NatAbs/data/original/HvM_with_discfade/Variation03_20110128/face0004_rx+11.650_ry-41.366_rz+24.205_tx-00.210_ty+00.559_s+00.813_afbab3c6e8d9c1ea162e890a3e8980adc8a84ec0_256x256.png,3366e4d04a6b851e0847f201726cdde944fcbaaa,face0004,-0.4597271787346163,-41.366,0.12959030518649328,11.65,0.14249603481533768,24.205000000000005,-0.19743589743589796,256.0,-0.21,0.559,3,4,3,5,4,3,True
50,86a1c7f8d39cdaab4e1de0583c504f91ecc38499_V6,86a1c7f8d39cdaab4e1de0583c504f91ecc38499,Faces,/Users/markbai/PycharmProjects/RNN_NatAbs/data/original/HvM_with_discfade/Variation06_20110131/face0001_rx-68.055_ry+00.588_rz+33.594_tx-00.077_ty+00.047_s+01.022_86a1c7f8d39cdaab4e1de0583c504f91ecc38499_256x256.png,0a21cd03f64a39e8c54a1cef55808f5a54752652,face0001,0.00669268140835344,0.5879999999999999,-0.756562343654463,-68.05500000000002,0.19836654090476746,33.594,0.3384615384615377,256.0,-0.077,0.047,6,4,0,5,1,5,True
51,59f0f65e598b331271e937d8b50303b8801839c2_V3,59f0f65e598b331271e937d8b50303b8801839c2,Faces,/Users/markbai/PycharmProjects/RNN_NatAbs/data/original/HvM_with_discfade/Variation03_20110128/face0001_rx+35.744_ry+16.592_rz-17.259_tx+00.064_ty-00.483_s+00.842_59f0f65e598b331271e937d8b50303b8801839c2_256x256.png,1a9f553f56989edee0a0c6facb39779e94971e3d,face0001,0.1846157266895685,16.592,0.3974651175718391,35.744,-0.10424106865597083,-17.258999999999997,-0.12307692307692342,256.0,0.064,-0.483,3,4,0,5,1,8,True
52,e08d0997cc7fce15987cc22a4120cb8e85f2c372_V3,e08d0997cc7fce15987cc22a4120cb8e85f2c372,Faces,/Users/markbai/PycharmProjects/RNN_NatAbs/data/original/HvM_with_discfade/Variation03_20110128/face0006_rx-36.699_ry+40.234_rz-16.283_tx+00.174_ty-00.171_s+00.686_e08d0997cc7fce15987cc22a4120cb8e85f2c372_256x256.png,2b848cd34e527bdf77914ad7b861bf3e77daac28,face0006,0.44745355701564216,40.234,-0.4079493023514451,-36.699,-0.09843324951194254,-16.283000000000005,-0.5230769230769232,256.0,0.174,-0.171,3,4,5,5,6,5,True
53,149daae52720250e24c2a8009f4d4635189d0108_V6,149daae52720250e24c2a8009f4d4635189d0108,Faces,/Users/markbai/PycharmProjects/RNN_NatAbs/data/original/HvM_with_discfade/Variation06_20110131/face0006_rx-53.214_ry-86.544_rz-78.645_tx+00.361_ty-00.824_s+01.011_149daae52720250e24c2a8009f4d4635189d0108_256x256.png,36ac260df77920d0bc92f1f0ef322c35a6e6354d,face0006,-0.9619895718685033,-86.544,-0.5915615098115591,-53.21399999999999,-0.4695267100241397,-78.645,0.31025641025640915,256.0,0.361,-0.824,6,4,5,5,6,7,True
54,d2866d402ed209f4b1ada5b9933f15b7f1f1d53a_V0,d2866d402ed209f4b1ada5b9933f15b7f1f1d53a,Faces,/Users/markbai/PycharmProjects/RNN_NatAbs/data/original/HvM_with_discfade/Variation00_20110203/face0002_rx+00.000_ry+00.000_rz+00.000_tx+00.000_ty+00.000_s+00.800_d2866d402ed209f4b1ada5b9933f15b7f1f1d53a_256x256.png,eb208e28eb88b1464b92de83c832ed891f63412c,face0002,0.0001556437536824884,-0.0,6.670743231040888e-05,0.0,-0.001539070083442562,-0.0,-0.23076923076923106,256.0,0.0,0.0,0,4,1,5,2,5,True
55,11edece869ebcb01c00f8cc66331859016a89847_V6,11edece869ebcb01c00f8cc66331859016a89847,Faces,/Users/markbai/PycharmProjects/RNN_NatAbs/data/original/HvM_with_discfade/Variation06_20110131/face0002_rx+78.735_ry+12.391_rz-24.291_tx+00.493_ty+00.100_s+01.099_11edece869ebcb01c00f8cc66331859016a89847_256x256.png,1e4198783b8a99876aa2d8ecfa93ee58f569ae56,face0002,0.13791148317379842,12.390999999999998,0.8754349880482399,78.735,-0.14608592953794663,-24.291,0.5358974358974351,256.0,0.493,0.1,6,4,1,5,2,4,True
56,ee7a2ab823656e3f5a4fc19d89732cfa62183864_V3,ee7a2ab823656e3f5a4fc19d89732cfa62183864,Faces,/Users/markbai/PycharmProjects/RNN_NatAbs/data/original/HvM_with_discfade/Variation03_20110128/face0008_rx-05.468_ry-30.079_rz-07.308_tx+00.193_ty+00.004_s+00.962_ee7a2ab823656e3f5a4fc19d89732cfa62183864_256x256.png,38c8141fa90418a173d559c303deb4c501f33a4f,face0008,-0.33424496103347456,-30.079,-0.06072599922175581,-5.468,-0.04502630605122959,-7.308,0.18461538461538396,256.0,0.193,0.004,3,4,7,5,8,5,True
57,7557e30d2cda078d9a9891aa0e12d19e02ff738a_V3,7557e30d2cda078d9a9891aa0e12d19e02ff738a,Faces,/Users/markbai/PycharmProjects/RNN_NatAbs/data/original/HvM_with_discfade/Variation03_20110128/face0008_rx-15.698_ry-27.059_rz+40.698_tx-00.218_ty-00.374_s+00.673_7557e30d2cda078d9a9891aa0e12d19e02ff738a_256x256.png,1be04620b40eb2dd8a27551efff6f316f76c0216,face0008,-0.3006703798819331,-27.059,-0.17446217132693076,-15.697999999999995,0.24063984746130274,40.69800000000001,-0.5564102564102564,256.0,-0.218,-0.374,3,4,7,5,8,6,True
58,de95c085a5ade46c21b5b5a2fa09828887eb9c1b_V3,de95c085a5ade46c21b5b5a2fa09828887eb9c1b,Faces,/Users/markbai/PycharmProjects/RNN_NatAbs/data/original/HvM_with_discfade/Variation03_20110128/face0005_rx+41.309_ry-00.297_rz-40.750_tx+00.175_ty+00.004_s+00.699_de95c085a5ade46c21b5b5a2fa09828887eb9c1b_256x256.png,841c5c004495a075f2e169b1017718ff75a58727,face0005,-0.00314622730658487,-0.297,0.45933626104840775,41.30899999999999,-0.24402742061536975,-40.75,-0.4897435897435901,256.0,0.175,0.004,3,4,4,5,5,5,True
59,fee099bc56c54780c0c2ce0c42c859b1497510f0_V6,fee099bc56c54780c0c2ce0c42c859b1497510f0,Faces,/Users/markbai/PycharmProjects/RNN_NatAbs/data/original/HvM_with_discfade/Variation06_20110131/face0005_rx+68.368_ry+72.152_rz+34.959_tx+00.450_ty+00.886_s+00.794_fee099bc56c54780c0c2ce0c42c859b1497510f0_256x256.png,4055a17d501d37e2990375047b86de5c621c2130,face0005,0.8022990805901122,72.152,0.7601756629050971,68.368,0.20648915681829094,34.959,-0.24615384615384628,256.0,0.45,0.886,6,4,4,5,5,1,True
60,ce36c2ab31f5d8cb28c26e7e066696fc177ed4fe_V3,ce36c2ab31f5d8cb28c26e7e066696fc177ed4fe,Fruits,/Users/markbai/PycharmProjects/RNN_NatAbs/data/original/HvM_with_discfade/Variation03_20110128/raspberry_obj_rx-105.209_ry+30.148_rz-19.333_tx-00.016_ty+00.129_s+00.765_ce36c2ab31f5d8cb28c26e7e066696fc177ed4fe_256x256.png,37399b77afeace98b9a5eb7955c8be4d1c561bb5,raspberry_obj,-0.08628258607443817,-13.229333051309592,-0.1457105412277394,7.571123050498497,-0.30130764845012237,-138.60176459896024,-0.04029304029304037,256.0,-0.016,0.129,3,5,5,6,6,5,True
61,415404f429402f8ad24623e1b14197e5ed7de28f_V6,415404f429402f8ad24623e1b14197e5ed7de28f,Fruits,/Users/markbai/PycharmProjects/RNN_NatAbs/data/original/HvM_with_discfade/Variation06_20110131/raspberry_obj_rx-17.072_ry-22.025_rz+04.154_tx+00.149_ty-00.435_s+00.875_415404f429402f8ad24623e1b14197e5ed7de28f_256x256.png,970858cd96f1e0a13d100f9b102990f4dfc2171f,raspberry_obj,-0.5633320818074791,71.67088656373721,0.6937814700062921,21.00729744405672,0.34470056886131584,-79.0732578495022,0.2820512820512817,256.0,0.149,-0.435,6,5,5,6,6,8,True
62,3101d296b5353256c982c2fac2c7c32012b03c59_V3,3101d296b5353256c982c2fac2c7c32012b03c59,Fruits,/Users/markbai/PycharmProjects/RNN_NatAbs/data/original/HvM_with_discfade/Variation03_20110128/Strawberry_obj_rx-77.404_ry-27.002_rz-44.401_tx+00.189_ty+00.223_s+00.762_3101d296b5353256c982c2fac2c7c32012b03c59_256x256.png,12e4d55069e6194717ecb9299ddb6ff7120652b3,Strawberry_obj,-0.06424733400925242,-5.792983446798245,0.12463175481141686,11.204003186513752,-0.10169008414005376,-16.83030881217349,-0.04908424908424902,256.0,0.189,0.223,3,5,4,6,5,5,True
63,d60c739e14c0fb4564fab1ed6ccf516bf6ea964b_V6,d60c739e14c0fb4564fab1ed6ccf516bf6ea964b,Fruits,/Users/markbai/PycharmProjects/RNN_NatAbs/data/original/HvM_with_discfade/Variation06_20110131/Strawberry_obj_rx-74.524_ry+21.989_rz+27.257_tx+00.563_ty+00.733_s+00.470_d60c739e14c0fb4564fab1ed6ccf516bf6ea964b_256x256.png,6071bcb8933e099b75ab30401a6dba546cb7ec0b,Strawberry_obj,0.06595596893441869,5.918673449682031,0.15933215972346493,14.325131106327925,0.025379067272668587,4.523574410297712,-0.9047619047619047,256.0,0.563,0.733,6,5,4,6,5,1,True
64,b3cca007b6d18f58f7e6b358dc720c454caa74bf_V3,b3cca007b6d18f58f7e6b358dc720c454caa74bf,Fruits,/Users/markbai/PycharmProjects/RNN_NatAbs/data/original/HvM_with_discfade/Variation03_20110128/Apple_Fruit_obj_rx-54.755_ry-24.104_rz-33.255_tx-00.157_ty+00.131_s+00.820_b3cca007b6d18f58f7e6b358dc720c454caa74bf_256x256.png,18afba0eff6555804941f9c4c994ebd143faed40,Apple_Fruit_obj,-0.17879696462950512,-16.09660817145935,0.35346661980392935,31.786555118265362,-0.02855440369871165,-4.539908174587826,0.12087912087912067,256.0,-0.157,0.131,3,5,0,6,1,5,True
65,a7fc954d2bd08fc2c4d3ade347f41a03a5850131_V3,a7fc954d2bd08fc2c4d3ade347f41a03a5850131,Fruits,/Users/markbai/PycharmProjects/RNN_NatAbs/data/original/HvM_with_discfade/Variation03_20110128/Apple_Fruit_obj_rx-105.242_ry+06.233_rz-15.083_tx+00.276_ty+00.370_s+00.866_a7fc954d2bd08fc2c4d3ade347f41a03a5850131_256x256.png,b092a1d35ba55e5d2b153d6078a0babdf7b6d74b,Apple_Fruit_obj,-0.018683184312873857,-1.6945337457586895,-0.16836657065338234,-15.149731197417681,-0.12972381931580146,-21.541358666344955,0.2556776556776552,256.0,0.276,0.37,3,5,0,6,1,4,True
66,52d06c0cc72e014bb0e715c58ced90c5e5d10c91_V3,52d06c0cc72e014bb0e715c58ced90c5e5d10c91,Fruits,/Users/markbai/PycharmProjects/RNN_NatAbs/data/original/HvM_with_discfade/Variation03_20110128/walnut_obj_rx-53.915_ry+40.167_rz-26.698_tx+00.054_ty-00.300_s+00.669_52d06c0cc72e014bb0e715c58ced90c5e5d10c91_256x256.png,e4d619aba07b4750639003a0f84fb8de1498e829,walnut_obj,0.28007033463036723,25.178046529666904,0.29745976170392674,26.74901826646059,-0.43560181183300284,-72.94394426575015,-0.3216117216117216,256.0,0.054,-0.3,3,5,6,6,7,5,True
67,0e976ad6a602cc1fc256f37b973d4eb5f41833fa_V6,0e976ad6a602cc1fc256f37b973d4eb5f41833fa,Fruits,/Users/markbai/PycharmProjects/RNN_NatAbs/data/original/HvM_with_discfade/Variation06_20110131/walnut_obj_rx-118.158_ry-06.585_rz-29.024_tx+00.246_ty+00.359_s+01.085_0e976ad6a602cc1fc256f37b973d4eb5f41833fa_256x256.png,a720a67f0e6f3dda32da5fb24237eb60f338ef0c,walnut_obj,0.03920524389587232,3.5124724831898306,-0.31074401378014993,-27.955870319454824,-0.1298610603278041,-21.564421923721394,0.8974358974358969,256.0,0.246,0.359,6,5,6,6,7,4,True
68,7c914a1245f2fd3970f33ecc5e63630ce75c1018_V3,7c914a1245f2fd3970f33ecc5e63630ce75c1018,Fruits,/Users/markbai/PycharmProjects/RNN_NatAbs/data/original/HvM_with_discfade/Variation03_20110128/watermelon_obj_rx-122.354_ry+06.040_rz+32.179_tx+00.079_ty-00.154_s+00.853_7c914a1245f2fd3970f33ecc5e63630ce75c1018_256x256.png,47c48b01307ad005ea981d619bc00ab880be466b,watermelon_obj,-0.04224146189891209,-3.813577256345247,-0.35740430164035764,-32.15272991104122,0.1474624300377203,25.03959929051499,0.21758241758241725,256.0,0.079,-0.154,3,5,7,6,8,5,True
69,e01db4992946752a799260494fc7aea623790773_V6,e01db4992946752a799260494fc7aea623790773,Fruits,/Users/markbai/PycharmProjects/RNN_NatAbs/data/original/HvM_with_discfade/Variation06_20110131/watermelon_obj_rx-45.315_ry-55.493_rz-32.863_tx+00.207_ty-00.028_s+00.638_e01db4992946752a799260494fc7aea623790773_256x256.png,82b850572e482e06e5d409b08ec7710fb1552f69,watermelon_obj,-0.4354422950696566,-39.18159899922054,0.26107595734819133,23.47647698368397,0.1834592844537024,31.088845838786327,-0.41245421245421254,256.0,0.207,-0.028,6,5,7,6,8,4,True
70,e212f59a167419de9d00737054acd2cb703a4ea2_V3,e212f59a167419de9d00737054acd2cb703a4ea2,Fruits,/Users/markbai/PycharmProjects/RNN_NatAbs/data/original/HvM_with_discfade/Variation03_20110128/Peach_obj_rx-62.234_ry-35.773_rz-23.346_tx+00.107_ty-00.340_s+00.550_e212f59a167419de9d00737054acd2cb703a4ea2_256x256.png,1038c39e14263e879dc1fbe6e2e7b2b8ce1f57a3,Peach_obj,-0.19002673508516532,-17.106714794175534,0.2469744126150879,22.20811354266498,0.09253239893010679,15.80864546232052,-0.6703296703296702,256.0,0.107,-0.34,3,5,2,6,3,5,True
71,a357bbb5177d07502b95ad54a1443308a39a76d7_V6,a357bbb5177d07502b95ad54a1443308a39a76d7,Fruits,/Users/markbai/PycharmProjects/RNN_NatAbs/data/original/HvM_with_discfade/Variation06_20110131/Peach_obj_rx-50.961_ry-54.755_rz-78.072_tx+00.334_ty-00.007_s+00.780_a357bbb5177d07502b95ad54a1443308a39a76d7_256x256.png,7485ec7ad0f28bfe46d09cd3d45bb40fffad90dc,Peach_obj,-0.3724456707442785,-33.5151156377771,0.23702737820211728,21.31342753239033,-0.10169545662092006,-16.83121165387628,0.003663003663003428,256.0,0.334,-0.007,6,5,2,6,3,4,True
72,78fbd8fe7897bd846a2c9bd053a41d7152790e31_V3,78fbd8fe7897bd846a2c9bd053a41d7152790e31,Planes,/Users/markbai/PycharmProjects/RNN_NatAbs/data/original/HvM_with_discfade/Variation03_20110128/f16_rx-16.721_ry+35.262_rz+12.358_tx+00.152_ty-00.183_s+01.005_78fbd8fe7897bd846a2c9bd053a41d7152790e31_256x256.png,9c1bd70178fefcf35c62d5ccdf9ec28256e4a0f2,f16,0.3921777896363494,125.26200000000003,-0.18583578853744842,-16.721,0.07199886944719691,12.358000000000004,-0.6962524654832349,256.0,0.152,-0.183,3,6,3,7,4,5,True
73,52629fa75490d61a681ce591faaca2b10afe52eb_V6,52629fa75490d61a681ce591faaca2b10afe52eb,Planes,/Users/markbai/PycharmProjects/RNN_NatAbs/data/original/HvM_with_discfade/Variation06_20110131/f16_rx+12.553_ry+12.949_rz+16.776_tx-00.566_ty+00.886_s+01.818_52629fa75490d61a681ce591faaca2b10afe52eb_256x256.png,f9316bbb265133a71099700c81ff1822bb4b6a44,f16,0.14411499849914944,102.949,0.13962977375061558,12.553,0.09828877208891607,16.776,0.5865877712031553,256.0,-0.566,0.886,6,6,3,7,4,3,True
74,d9ac79bd5506a76708444a04176b1f7b3efddc12_V3,d9ac79bd5506a76708444a04176b1f7b3efddc12,Planes,/Users/markbai/PycharmProjects/RNN_NatAbs/data/original/HvM_with_discfade/Variation03_20110128/_05_future_rx+14.341_ry+95.066_rz+52.863_tx-00.052_ty+00.398_s+01.424_d9ac79bd5506a76708444a04176b1f7b3efddc12_256x256.png,6fc0d4c6ee14f068eef852a7393a2f83bb5d8095,_05_future,0.16018975321698448,104.39490811211456,-0.05449712081522584,-4.90774353172466,-0.21504254954420432,-35.87911241484784,-0.035108481262327684,256.0,-0.052,0.398,3,6,1,7,2,5,True
75,870ab45ff4aabae5334b0864fc8ea40b48d0de9d_V6,870ab45ff4aabae5334b0864fc8ea40b48d0de9d,Planes,/Users/markbai/PycharmProjects/RNN_NatAbs/data/original/HvM_with_discfade/Variation06_20110131/_05_future_rx-13.414_ry+125.243_rz+18.858_tx-00.281_ty-00.731_s+01.240_870ab45ff4aabae5334b0864fc8ea40b48d0de9d_256x256.png,acba8ad651414aa4b1b738d62a7aee99428fdaa5,_05_future,-0.18081995775600346,73.72142561980525,-0.37956493839877814,-34.14596838427736,-0.48027061226669987,-80.4505053590159,-0.32544378698224885,256.0,-0.281,-0.731,6,6,1,7,2,9,True
76,18221f45f690541d12ba005c17b3ae34a843ffea_V3,18221f45f690541d12ba005c17b3ae34a843ffea,Planes,/Users/markbai/PycharmProjects/RNN_NatAbs/data/original/HvM_with_discfade/Variation03_20110128/_01_Airliner_2jetEngines_rx+16.673_ry+59.087_rz+71.482_tx-00.193_ty-00.264_s+01.013_18221f45f690541d12ba005c17b3ae34a843ffea_256x256.png,6a3ee219bbfcc7d2c309436b45e5f12a3a1fd48b,_01_Airliner_2jetEngines,0.21409421082375757,109.24356016938617,0.32783545346395404,29.48115986181627,-0.16974119335832027,-28.266250763864225,-0.6836291913214992,256.0,-0.193,-0.264,3,6,0,7,1,5,True
77,56ac555179d3870e63bbef15d52e86f7a13f2ef0_V6,56ac555179d3870e63bbef15d52e86f7a13f2ef0,Planes,/Users/markbai/PycharmProjects/RNN_NatAbs/data/original/HvM_with_discfade/Variation06_20110131/_01_Airliner_2jetEngines_rx-18.195_ry+50.668_rz+75.112_tx-00.581_ty+00.435_s+01.750_56ac555179d3870e63bbef15d52e86f7a13f2ef0_256x256.png,b5b88d5dcf9eaa99660f7f4f1b576a726eaa7ac9,_01_Airliner_2jetEngines,-0.25579673966166405,66.977339064173,0.4116739965888665,37.02201762318654,-0.004727615738427615,-0.5358328973561454,0.4792899408284017,256.0,-0.581,0.435,6,6,0,7,1,3,True
78,b006c7b5052980abe431446174e48a8bd3fb4f2e_V6,b006c7b5052980abe431446174e48a8bd3fb4f2e,Planes,/Users/markbai/PycharmProjects/RNN_NatAbs/data/original/HvM_with_discfade/Variation06_20110131/rdbarren_rx-71.720_ry+33.039_rz-86.594_tx+00.041_ty-00.324_s+01.568_b006c7b5052980abe431446174e48a8bd3fb4f2e_256x256.png,cafa1b9da6b4429bc894c61258fb08addcc7e161,rdbarren,0.3674637850337412,123.039,-0.7973094668964438,-71.72,-0.5168283026223799,-86.594,0.19211045364891466,256.0,0.041,-0.324,6,6,6,7,7,5,True
79,36a006940d6c48beb636ed916fe01e701bfe8443_V3,36a006940d6c48beb636ed916fe01e701bfe8443,Planes,/Users/markbai/PycharmProjects/RNN_NatAbs/data/original/HvM_with_discfade/Variation03_20110128/rdbarren_rx-19.034_ry-03.802_rz+33.031_tx-00.297_ty+00.284_s+01.428_36a006940d6c48beb636ed916fe01e701bfe8443_256x256.png,d7db75b44ea98f0d00201963e60c8aa01899d137,rdbarren,-0.04211275278213222,86.198,-0.21155150369671238,-19.034,0.1950163337550872,33.031,-0.028796844181460002,256.0,-0.297,0.284,3,6,6,7,7,6,True
80,7e876511f9f8ab380dc694fd5da3461425ea70e0_V3,7e876511f9f8ab380dc694fd5da3461425ea70e0,Planes,/Users/markbai/PycharmProjects/RNN_NatAbs/data/original/HvM_with_discfade/Variation03_20110128/mig29_rx-34.006_ry+44.521_rz-26.760_tx+00.080_ty-00.106_s+01.076_7e876511f9f8ab380dc694fd5da3461425ea70e0_256x256.png,f371c0064ea5cc620697526d09bcff0db21a995a,mig29,0.49511389787546256,134.52100000000002,-0.37800878314526376,-34.006,-0.16077804579471544,-26.76,-0.5842209072978304,256.0,0.08,-0.106,3,6,5,7,6,5,True
81,2047480945c709a441ed1a351ba68807989f5c66_V6,2047480945c709a441ed1a351ba68807989f5c66,Planes,/Users/markbai/PycharmProjects/RNN_NatAbs/data/original/HvM_with_discfade/Variation06_20110131/mig29_rx-54.872_ry+77.610_rz-61.506_tx+00.243_ty+00.927_s+01.077_2047480945c709a441ed1a351ba68807989f5c66_256x256.png,75487a7072695b8d4ccb8b44ed579b7578ae0516,mig29,0.8629779097043879,167.61,-0.6099949969425836,-54.872,-0.3675387875758772,-61.506,-0.5826429980276138,256.0,0.243,0.927,6,6,5,7,6,1,True
82,220a945c6bd4fd5fd69d0e4c10153f36e705c32c_V3,220a945c6bd4fd5fd69d0e4c10153f36e705c32c,Planes,/Users/markbai/PycharmProjects/RNN_NatAbs/data/original/HvM_with_discfade/Variation03_20110128/sopwith_rx+00.309_ry+38.167_rz+03.349_tx+00.095_ty-00.372_s+01.424_220a945c6bd4fd5fd69d0e4c10153f36e705c32c_256x256.png,ba784500412bb7681ac89ffdf95d59a0923ff252,sopwith,0.42447386852549784,128.167,0.0035021401967776367,0.309,0.018389604417941907,3.3489999999999998,-0.035108481262327684,256.0,0.095,-0.372,3,6,7,7,8,5,True
83,c7f51cd095fd5cb1da9ad59f9ae26fcb179dd69c_V6,c7f51cd095fd5cb1da9ad59f9ae26fcb179dd69c,Planes,/Users/markbai/PycharmProjects/RNN_NatAbs/data/original/HvM_with_discfade/Variation06_20110131/sopwith_rx+75.120_ry-60.521_rz+39.911_tx+00.117_ty+00.743_s+01.932_c7f51cd095fd5cb1da9ad59f9ae26fcb179dd69c_256x256.png,6cb0c1357d8453ece2af20c9782ddb5395393628,sopwith,-0.6726811860054032,29.479000000000006,0.83524376007559,75.11999999999999,0.2359566982129928,39.91100000000001,0.766469428007889,256.0,0.117,0.743,6,6,7,7,8,2,True
84,5eb1195e0957095944eac1fd6ba1bd942002576f_V3,5eb1195e0957095944eac1fd6ba1bd942002576f,Tables,/Users/markbai/PycharmProjects/RNN_NatAbs/data/original/HvM_with_discfade/Variation03_20110128/_11_rx-39.302_ry-28.795_rz+18.108_tx-00.056_ty-00.277_s+00.559_5eb1195e0957095944eac1fd6ba1bd942002576f_256x256.png,a0115a5b078ed568fca14a1237a21253d4f76882,_11,-0.3199702053385808,-28.795,-0.4368892100728303,-39.30199999999999,0.1062150170682663,18.108000000000004,-0.6439560439560438,256.0,-0.056,-0.277,3,7,2,8,3,5,True
85,10b6c3237f1db718ad64a20ba86c98f129468527_V6,10b6c3237f1db718ad64a20ba86c98f129468527,Tables,/Users/markbai/PycharmProjects/RNN_NatAbs/data/original/HvM_with_discfade/Variation06_20110131/_11_rx-39.238_ry-24.449_rz+72.207_tx+00.010_ty-00.610_s+00.900_10b6c3237f1db718ad64a20ba86c98f129468527_256x256.png,0e85d25bd85eaf1ccc1f3bcb864b6951a45f5138,_11,-0.27165393723109765,-24.448999999999998,-0.43617766412808634,-39.238,0.4281383857903944,72.207,0.35531135531135516,256.0,0.01,-0.61,6,7,2,8,3,8,True
86,00df4cb3962bd556a283c9ca376d098e9368dfb5_V3,00df4cb3962bd556a283c9ca376d098e9368dfb5,Tables,/Users/markbai/PycharmProjects/RNN_NatAbs/data/original/HvM_with_discfade/Variation03_20110128/_18_rx-41.775_ry-08.649_rz-24.453_tx-00.095_ty+00.143_s+00.577_00df4cb3962bd556a283c9ca376d098e9368dfb5_256x256.png,300e1ee1cbeb4a6f183c56bd975d5bc4d97b3276,_18,-0.09599884378925838,-8.649,-0.4643837900939545,-41.77500000000001,-0.1470499323057055,-24.452999999999996,-0.5912087912087913,256.0,-0.095,0.143,3,7,4,8,5,5,True
87,97ccb187ff5ca7c6418f45c9dbbdf00f719385b9_V3,97ccb187ff5ca7c6418f45c9dbbdf00f719385b9,Tables,/Users/markbai/PycharmProjects/RNN_NatAbs/data/original/HvM_with_discfade/Variation03_20110128/_18_rx-44.173_ry-20.716_rz-40.185_tx+00.292_ty-00.155_s+00.851_97ccb187ff5ca7c6418f45c9dbbdf00f719385b9_256x256.png,63bf6b6b3abdea329fad57dab420dcdc3bb975a9,_18,-0.2301526420527189,-20.716000000000005,-0.4910445272110816,-44.173000000000016,-0.24066531219695164,-40.185,0.2117216117216114,256.0,0.292,-0.155,3,7,4,8,5,4,True
88,4252b5aec4714cde9351afcc18f9c4f1a7b260ae_V0,4252b5aec4714cde9351afcc18f9c4f1a7b260ae,Tables,/Users/markbai/PycharmProjects/RNN_NatAbs/data/original/HvM_with_discfade/Variation00_20110203/_44_rx+00.000_ry+00.000_rz+00.000_tx+00.000_ty+00.000_s+00.700_4252b5aec4714cde9351afcc18f9c4f1a7b260ae_256x256.png,dd8ff3ddeac872a646b02b8fdcf286c87cdd7720,_44,0.0001556437536824884,-0.0,6.670743231040888e-05,0.0,-0.001539070083442562,-0.0,-0.23076923076923106,256.0,0.0,0.0,0,7,7,8,8,5,True
89,f192c2ff792ca24329bee7ee9d51e8cfe5431198_V6,f192c2ff792ca24329bee7ee9d51e8cfe5431198,Tables,/Users/markbai/PycharmProjects/RNN_NatAbs/data/original/HvM_with_discfade/Variation06_20110131/_44_rx-79.345_ry-68.826_rz-83.063_tx-00.542_ty+00.622_s+01.043_f192c2ff792ca24329bee7ee9d51e8cfe5431198_256x256.png,9bef5f9960516db6d8044b59b03f4885f5ebb30c,_44,-0.7650112841721419,-68.826,-0.8820834954694603,-79.34499999999998,-0.49581661266585886,-83.063,0.7743589743589738,256.0,-0.542,0.622,6,7,7,8,8,3,True
90,dc8da1eb2bd376f73adf2cb8e72d378742d72884_V3,dc8da1eb2bd376f73adf2cb8e72d378742d72884,Tables,/Users/markbai/PycharmProjects/RNN_NatAbs/data/original/HvM_with_discfade/Variation03_20110128/_08_rx+07.428_ry+12.389_rz+27.072_tx-00.110_ty+00.340_s+00.685_dc8da1eb2bd376f73adf2cb8e72d378742d72884_256x256.png,f65ce96cc69a33fdf5d6d49279ccea00e9ad4ebe,_08,0.13788924835184369,12.389,0.08265050864416179,7.428000000000002,0.15955650355092144,27.072,-0.2747252747252745,256.0,-0.11,0.34,3,7,0,8,1,5,True
91,11a690b5fa74505b1b768dda90a08c3ca37f331d_V6,11a690b5fa74505b1b768dda90a08c3ca37f331d,Tables,/Users/markbai/PycharmProjects/RNN_NatAbs/data/original/HvM_with_discfade/Variation06_20110131/_08_rx-50.514_ry+72.347_rz+27.861_tx-00.327_ty+00.668_s+00.867_11a690b5fa74505b1b768dda90a08c3ca37f331d_256x256.png,5a1b06d9aa78dea77d45d3617a1d35a21d4e6c43,_08,0.8044669757306919,72.347,-0.5615431652676712,-50.51399999999999,0.16425155406796899,27.861,0.25860805860805836,256.0,-0.327,0.668,6,7,0,8,1,3,True
92,576dac79714112c838a959832b39a3dfddb55e86_V3,576dac79714112c838a959832b39a3dfddb55e86,Tables,/Users/markbai/PycharmProjects/RNN_NatAbs/data/original/HvM_with_discfade/Variation03_20110128/_12_rx+14.203_ry+06.840_rz+10.389_tx-00.015_ty+00.000_s+00.788_576dac79714112c838a959832b39a3dfddb55e86_256x256.png,70885e0d66b4c611ec0c5328546079b7ee0bdc55,_12,0.07619873483863082,6.839999999999999,0.15797431763854708,14.203000000000001,0.06028207037486899,10.389,0.027106227106227232,256.0,-0.015,0.0,3,7,3,8,4,5,True
93,ef6a4bdc0423d0ae02f8b161f0092cff2049f7e8_V3,ef6a4bdc0423d0ae02f8b161f0092cff2049f7e8,Tables,/Users/markbai/PycharmProjects/RNN_NatAbs/data/original/HvM_with_discfade/Variation03_20110128/_12_rx-28.362_ry-09.854_rz+36.181_tx+00.276_ty-00.281_s+00.797_ef6a4bdc0423d0ae02f8b161f0092cff2049f7e8_256x256.png,351caa5809bbf955679f653c59959e0214074ebd,_12,-0.10939532401694296,-9.854,-0.31525932514315147,-28.362,0.21376083201706408,36.18099999999999,0.05347985347985351,256.0,0.276,-0.281,3,7,3,8,4,4,True
94,f4f4a21acc6b5fac49543cad732b0ab28b3434bc_V0,f4f4a21acc6b5fac49543cad732b0ab28b3434bc,Tables,/Users/markbai/PycharmProjects/RNN_NatAbs/data/original/HvM_with_discfade/Variation00_20110203/_10_rx+00.000_ry+00.000_rz+00.000_tx+00.000_ty+00.000_s+00.700_f4f4a21acc6b5fac49543cad732b0ab28b3434bc_256x256.png,373bf38d0fdaac077c0acf03715e7580a8d32e28,_10,0.0001556437536824884,-0.0,6.670743231040888e-05,0.0,-0.001539070083442562,-0.0,-0.23076923076923106,256.0,0.0,0.0,0,7,1,8,2,5,True
95,4252b5aec4714cde9351afcc18f9c4f1a7b260ae_V6,4252b5aec4714cde9351afcc18f9c4f1a7b260ae,Tables,/Users/markbai/PycharmProjects/RNN_NatAbs/data/original/HvM_with_discfade/Variation06_20110131/_10_rx+48.678_ry+07.139_rz+42.080_tx+00.551_ty-00.443_s+00.534_4252b5aec4714cde9351afcc18f9c4f1a7b260ae_256x256.png,32d545cbb33e526ddf98ea5acf70fa62a807f153,_10,0.0795228407208528,7.1389999999999985,0.5412641058424483,48.67799999999999,0.24886362415909713,42.08,-0.7172161172161172,256.0,0.551,-0.443,6,7,1,8,2,7,True
96,8001b24ed42c36be17da6ca4213b4d8be30be63a_V0,8001b24ed42c36be17da6ca4213b4d8be30be63a,Tables,/Users/markbai/PycharmProjects/RNN_NatAbs/data/original/HvM_with_discfade/Variation00_20110203/_37_rx+00.000_ry+00.000_rz+00.000_tx+00.000_ty+00.000_s+00.700_8001b24ed42c36be17da6ca4213b4d8be30be63a_256x256.png,6a8b93cd59587cc2969a126361bce879774e7f4f,_37,0.0001556437536824884,-0.0,6.670743231040888e-05,0.0,-0.001539070083442562,-0.0,-0.23076923076923106,256.0,0.0,0.0,0,7,5,8,6,5,True
97,9a541a8726aaaccdd83ed3b8963ac83d8f43ddd2_V6,9a541a8726aaaccdd83ed3b8963ac83d8f43ddd2,Tables,/Users/markbai/PycharmProjects/RNN_NatAbs/data/original/HvM_with_discfade/Variation06_20110131/_37_rx-49.747_ry-60.710_rz-54.649_tx-00.280_ty-00.102_s+00.971_9a541a8726aaaccdd83ed3b8963ac83d8f43ddd2_256x256.png,33012311d43c0473fc2ddd2cbfa1780717d896c5,_37,-0.6747823766801189,-60.71,-0.5530157318361298,-49.747,-0.3267352877084557,-54.649,0.5633699633699631,256.0,-0.28,-0.102,6,7,5,8,6,6,True
98,2d75ed97a6127aa9497461e7975ae2a826d911d2_V3,2d75ed97a6127aa9497461e7975ae2a826d911d2,Planes,/Users/markbai/PycharmProjects/RNN_NatAbs/data/original/HvM_with_discfade/Variation03_20110128/junkers88_rx-12.338_ry+39.099_rz+33.982_tx-00.165_ty+00.066_s+01.035_2d75ed97a6127aa9497461e7975ae2a826d911d2_256x256.png,55cc47bffb793377a74b19c8784882315e80c84b,junkers88,0.43483529555637057,129.09900000000002,-0.1371060092278703,-12.337999999999997,0.20067538703989363,33.982,-0.648915187376726,256.0,-0.165,0.066,3,6,4,7,5,5,True
99,f55379501d8015ff862c71ac4a40b2ef4dc6fee7_V6,f55379501d8015ff862c71ac4a40b2ef4dc6fee7,Planes,/Users/markbai/PycharmProjects/RNN_NatAbs/data/original/HvM_with_discfade/Variation06_20110131/junkers88_rx+64.669_ry-17.909_rz-45.248_tx-00.577_ty+01.009_s+01.209_f55379501d8015ff862c71ac4a40b2ef4dc6fee7_256x256.png,82144e2092e3e02b4fca39d9270675a1686138b6,junkers88,-0.1989460694393489,72.09100000000001,0.7190505308799708,64.669,-0.2707933740065993,-45.248,-0.3743589743589745,256.0,-0.577,1.009,6,6,4,7,5,3,True
