,_id,bg_id,category,filename,id,obj,rxy,rxy_semantic,rxz,rxz_semantic,ryz,ryz_semantic,s,size,ty,tz,var,category_id,obj_id,cat_1b,id_1b,pos_1b,file_exists
0,3349857dbefd9f4194c68810f7b588194d093ce9_V3,3349857dbefd9f4194c68810f7b588194d093ce9,Animals,/home/mark/projects/code/RNN_NatAbs/data/original/HvM_with_discfade/Variation03_20110128/GORILLA_rx-16.470_ry-31.203_rz+22.955_tx-00.120_ty+00.252_s+00.896_3349857dbefd9f4194c68810f7b588194d093ce9_256x256.png,5377186a8784e5d872885c6f86f803d255f7c3fd,GORILLA,-0.3467409309719953,58.797000000000004,-0.18304519428540544,-16.469999999999995,0.13505774185423558,22.955,0.015384615384614886,256.0,-0.12,0.252,3,0,1,1,2,5,True
1,b7614205c80f163e49cccbce163593d13f3a6255_V6,b7614205c80f163e49cccbce163593d13f3a6255,Animals,/home/mark/projects/code/RNN_NatAbs/data/original/HvM_with_discfade/Variation06_20110131/GORILLA_rx-53.536_ry-74.023_rz+15.374_tx+00.477_ty-00.101_s+01.181_b7614205c80f163e49cccbce163593d13f3a6255_256x256.png,35245db1760e807e9c28a4da77161c8f5221da3a,GORILLA,-0.8227884690213345,15.976999999999991,-0.5951414753460523,-53.53599999999999,0.08994598270374388,15.374000000000002,0.7461538461538457,256.0,0.477,-0.101,6,0,1,1,2,4,True
2,a11e6927fc1aac01675d9bd2014cf791de353007_V6,a11e6927fc1aac01675d9bd2014cf791de353007,Animals,/home/mark/projects/code/RNN_NatAbs/data/original/HvM_with_discfade/Variation06_20110131/GORILLA_rx-00.719_ry-88.302_rz-45.316_tx-00.270_ty-00.943_s+00.822_a11e6927fc1aac01675d9bd2014cf791de353007_256x256.png,9814111bc0045e58aa92be80a8411513956a2afa,GORILLA,-0.9815339803666524,1.6979999999999886,-0.007927066540672989,-0.719,-0.2711980171436834,-45.315999999999995,-0.17435897435897496,256.0,-0.27,-0.943,6,0,1,1,2,9,True
3,eb49011e071c087f14c191c4e29a8c00b2d191df_V6,eb49011e071c087f14c191c4e29a8c00b2d191df,Animals,/home/mark/projects/code/RNN_NatAbs/data/original/HvM_with_discfade/Variation06_20110131/GORILLA_rx+79.815_ry-02.147_rz+60.129_tx+00.591_ty+00.969_s+01.138_eb49011e071c087f14c191c4e29a8c00b2d191df_256x256.png,c3344b170ad339988c59f927796613956edaf5fe,GORILLA,-0.02371343761464839,87.853,0.8874423258657953,79.81500000000001,0.3562666238830421,60.129000000000005,0.6358974358974352,256.0,0.591,0.969,6,0,1,1,2,1,True
4,c460d2f97714ef9d00248a7717dc25e9372d8b47_V6,c460d2f97714ef9d00248a7717dc25e9372d8b47,Animals,/home/mark/projects/code/RNN_NatAbs/data/original/HvM_with_discfade/Variation06_20110131/GORILLA_rx+64.597_ry+70.016_rz+31.113_tx+00.071_ty-00.985_s+01.171_c460d2f97714ef9d00248a7717dc25e9372d8b47_256x256.png,69d0b9ca1da056b21071552827e788acc3f156b7,GORILLA,0.7785522907425317,160.01600000000002,0.7182500416921338,64.597,0.18360301703557202,31.113000000000003,0.7205128205128197,256.0,0.071,-0.985,6,0,1,1,2,8,True
5,949d675cdbacbba8b5613a81c4e49e0d3b558664_V3,949d675cdbacbba8b5613a81c4e49e0d3b558664,Animals,/home/mark/projects/code/RNN_NatAbs/data/original/HvM_with_discfade/Variation03_20110128/GORILLA_rx-40.085_ry-40.479_rz+08.749_tx+00.290_ty-00.580_s+01.013_949d675cdbacbba8b5613a81c4e49e0d3b558664_256x256.png,9134a4d684293fdd4db7a500e77935e23326c1e1,GORILLA,-0.4498660351977233,49.520999999999994,-0.44559452999055793,-40.085,0.05052303000990288,8.749,0.3153846153846147,256.0,0.29,-0.58,3,0,1,1,2,7,True
6,477674f59a30d02366d0838fbaedbefbfcc44264_V6,477674f59a30d02366d0838fbaedbefbfcc44264,Animals,/home/mark/projects/code/RNN_NatAbs/data/original/HvM_with_discfade/Variation06_20110131/GORILLA_rx-52.420_ry-71.423_rz+02.138_tx-00.488_ty+01.131_s+00.955_477674f59a30d02366d0838fbaedbefbfcc44264_256x256.png,c077dbfe18898a27b3f3049082083c25d187573c,GORILLA,-0.7938832004802723,18.576999999999995,-0.5827338929345789,-52.42,0.011183386197226364,2.1379999999999995,0.16666666666666607,256.0,-0.488,1.131,6,0,1,1,2,3,True
7,d39eb3574486e44fa684767227eae25d06e6f1e9_V0,d39eb3574486e44fa684767227eae25d06e6f1e9,Animals,/home/mark/projects/code/RNN_NatAbs/data/original/HvM_with_discfade/Variation00_20110203/blCow_rx+00.000_ry+00.000_rz+00.000_tx+00.000_ty+00.000_s+00.800_d39eb3574486e44fa684767227eae25d06e6f1e9_256x256.png,66b99499afeffac919bc77613d3a1d797c1e51fc,blCow,0.0001556437536824884,90.0,6.670743231040888e-05,0.0,-0.001539070083442562,-0.0,-0.23076923076923106,256.0,0.0,0.0,0,0,5,1,6,5,True
8,461e80d4a5c38f19d7c2c2b0e2976b0308d68203_V6,461e80d4a5c38f19d7c2c2b0e2976b0308d68203,Animals,/home/mark/projects/code/RNN_NatAbs/data/original/HvM_with_discfade/Variation06_20110131/blCow_rx-87.223_ry+31.170_rz+03.214_tx+00.542_ty+01.060_s+00.508_461e80d4a5c38f19d7c2c2b0e2976b0308d68203_256x256.png,8abab004326d3ec5ed561c99ccb0436ad4d6c0f5,blCow,0.3466853439171085,121.16999999999999,-0.9696703541052926,-87.22299999999994,0.017586268778142955,3.2139999999999995,-0.9794871794871794,256.0,0.542,1.06,6,0,5,1,6,1,True
9,28d9efc21ad8704088f8bfb06995c6ac08d3286e_V6,28d9efc21ad8704088f8bfb06995c6ac08d3286e,Animals,/home/mark/projects/code/RNN_NatAbs/data/original/HvM_with_discfade/Variation06_20110131/blCow_rx+56.650_ry-31.014_rz-11.315_tx-00.377_ty+00.143_s+01.039_28d9efc21ad8704088f8bfb06995c6ac08d3286e_256x256.png,c42ec8925e2eb8b28c0ff5239d043e8429fb267f,blCow,-0.3446397402972796,58.98599999999999,0.6298960475846238,56.64999999999999,-0.06887049796733846,-11.315,0.38205128205128136,256.0,-0.377,0.143,6,0,5,1,6,6,True
10,eb98076248ee73948b2413b559b01efccd6f2b93_V3,eb98076248ee73948b2413b559b01efccd6f2b93,Animals,/home/mark/projects/code/RNN_NatAbs/data/original/HvM_with_discfade/Variation03_20110128/blCow_rx+00.460_ry+20.025_rz-00.666_tx+00.140_ty-00.501_s+00.915_eb98076248ee73948b2413b559b01efccd6f2b93_256x256.png,6abe8f1cce54d7fb3fc3d05ab004e54316806001,blCow,0.222781798574748,110.025,0.005180943910157998,0.46,-0.005502192573117792,-0.666,0.06410256410256387,256.0,0.14,-0.501,3,0,5,1,6,8,True
11,1771a8b56b4b063bb8ff256f9d7adc870348cca4_V6,1771a8b56b4b063bb8ff256f9d7adc870348cca4,Animals,/home/mark/projects/code/RNN_NatAbs/data/original/HvM_with_discfade/Variation06_20110131/blCow_rx+21.968_ry-55.778_rz-13.963_tx-00.314_ty-00.510_s+00.815_1771a8b56b4b063bb8ff256f9d7adc870348cca4_256x256.png,bef07007766538f91c591348e76af1e2c4323220,blCow,-0.6199513057399193,34.22200000000001,0.24430485296569127,21.968,-0.08462777777613706,-13.963000000000001,-0.19230769230769296,256.0,-0.314,-0.51,6,0,5,1,6,9,True
12,36ad8befabc96d72768a99f3148b0961d73a313a_V3,36ad8befabc96d72768a99f3148b0961d73a313a,Animals,/home/mark/projects/code/RNN_NatAbs/data/original/HvM_with_discfade/Variation03_20110128/blCow_rx+19.838_ry-15.230_rz-28.661_tx+00.169_ty+00.417_s+00.686_36ad8befabc96d72768a99f3148b0961d73a313a_256x256.png,1c766000020732c4dd8f3b8e9e93090410ad0023,blCow,-0.16916252543107768,74.77,0.22062371449217988,19.838,-0.17209020172995948,-28.66100000000001,-0.5230769230769232,256.0,0.169,0.417,3,0,5,1,6,2,True
13,69c6bf4049144062b6286d7f4dc59da877fcba26_V6,69c6bf4049144062b6286d7f4dc59da877fcba26,Animals,/home/mark/projects/code/RNN_NatAbs/data/original/HvM_with_discfade/Variation06_20110131/blCow_rx-37.182_ry+76.423_rz+21.042_tx+00.274_ty-00.776_s+00.574_69c6bf4049144062b6286d7f4dc59da877fcba26_256x256.png,7f22a1a115bdaa7645a2f8d6ca76d290d772833c,blCow,0.8497815428742956,166.423,-0.4133192506531852,-37.18200000000001,0.12367417830656513,21.042000000000005,-0.8102564102564105,256.0,0.274,-0.776,6,0,5,1,6,7,True
14,333ffaa8f1ed166ae3423fec9eae3d1a3a1af56f_V0,333ffaa8f1ed166ae3423fec9eae3d1a3a1af56f,Boats,/home/mark/projects/code/RNN_NatAbs/data/original/HvM_with_discfade/Variation00_20110203/support_rx+00.000_ry+90.000_rz+00.000_tx+00.000_ty+00.000_s+01.200_333ffaa8f1ed166ae3423fec9eae3d1a3a1af56f_256x256.png,d83f2411adfc644925fb376a774986def99852e9,support,0.0001556437536824884,-90.0,6.670743231040888e-05,0.0,-0.001539070083442562,-0.0,-0.23076923076923106,256.0,0.0,0.0,0,1,7,2,8,5,True
15,683110e3e453817e6bee7e604b25f200f3c67e5e_V6,683110e3e453817e6bee7e604b25f200f3c67e5e,Boats,/home/mark/projects/code/RNN_NatAbs/data/original/HvM_with_discfade/Variation06_20110131/support_rx+13.619_ry+167.390_rz+07.504_tx+00.453_ty+00.996_s+01.731_683110e3e453817e6bee7e604b25f200f3c67e5e_256x256.png,67575bc912103e1244d92ea7298aa9a29038d03a,support,0.8605320792893747,-12.610000000000031,0.15148146089275816,13.619,0.043114490220645285,7.503999999999997,0.6769230769230765,256.0,0.453,0.996,6,1,7,2,8,1,True
16,64d1db24ae2fc94ac26101da6bb89e6b7ca7c05d_V6,64d1db24ae2fc94ac26101da6bb89e6b7ca7c05d,Boats,/home/mark/projects/code/RNN_NatAbs/data/original/HvM_with_discfade/Variation06_20110131/support_rx+41.369_ry+131.615_rz-71.490_tx+00.598_ty-00.950_s+01.874_64d1db24ae2fc94ac26101da6bb89e6b7ca7c05d_256x256.png,11ce9840cccfc4f53a11c9993760bd44c0eec0fe,support,0.4628067015753372,-48.38499999999999,0.46000333537160554,41.369,-0.4269499211147916,-71.49,0.921367521367521,256.0,0.598,-0.95,6,1,7,2,8,7,True
17,29bbc94867083f413e41225ebaa879b9cda7bafb_V3,29bbc94867083f413e41225ebaa879b9cda7bafb,Boats,/home/mark/projects/code/RNN_NatAbs/data/original/HvM_with_discfade/Variation03_20110128/support_rx-32.213_ry+63.576_rz-05.364_tx-00.100_ty+00.410_s+01.398_29bbc94867083f413e41225ebaa879b9cda7bafb_256x256.png,db87a1c72d207f783f6ab230143d6b94ee243423,support,-0.29361082391132753,-116.424,-0.35807437878704484,-32.213,-0.03345827283812375,-5.364,0.10769230769230731,256.0,-0.1,0.41,3,1,7,2,8,2,True
18,65fc8fabbbe05697074937247c1f2d4c185434e4_V3,65fc8fabbbe05697074937247c1f2d4c185434e4,Boats,/home/mark/projects/code/RNN_NatAbs/data/original/HvM_with_discfade/Variation03_20110128/support_rx+43.384_ry+105.797_rz-19.073_tx+00.227_ty-00.040_s+01.165_65fc8fabbbe05697074937247c1f2d4c185434e4_256x256.png,2e329b1d6e6c633dbfbd07d680904e4cab73c12a,support,0.17577738496258988,-74.203,0.48240591472565497,43.384,-0.11503551940112233,-19.073,-0.29059829059829057,256.0,0.227,-0.04,3,1,7,2,8,4,True
19,cc4ffbc12a9cbb9b9e9d19dad11f57c9cbb7a595_V6,cc4ffbc12a9cbb9b9e9d19dad11f57c9cbb7a595,Boats,/home/mark/projects/code/RNN_NatAbs/data/original/HvM_with_discfade/Variation06_20110131/support_rx+21.772_ry+67.257_rz-42.693_tx-00.278_ty+00.310_s+01.416_cc4ffbc12a9cbb9b9e9d19dad11f57c9cbb7a595_256x256.png,a878fbbaaf697e714353d4c4f0962c2f2231ce4a,support,-0.25268763410376993,-112.743,0.2421257435099129,21.772000000000002,-0.25558950319410667,-42.69299999999999,0.13846153846153797,256.0,-0.278,0.31,6,1,7,2,8,6,True
20,d9b32bf07c4609b4acb9696ec80bf7257b428c6b_V6,d9b32bf07c4609b4acb9696ec80bf7257b428c6b,Boats,/home/mark/projects/code/RNN_NatAbs/data/original/HvM_with_discfade/Variation06_20110131/support_rx+00.103_ry+113.298_rz-54.263_tx+00.165_ty-00.906_s+01.008_d9b32bf07c4609b4acb9696ec80bf7257b428c6b_256x256.png,d42ca3c35be4a09c2290a7d4d662270fa1f99ef1,support,0.25916908470355415,-66.702,0.00121185168713267,0.103,-0.3244383428420675,-54.263,-0.558974358974359,256.0,0.165,-0.906,6,1,7,2,8,8,True
21,77e577e9600e9eb87689ee6afb0952ece7db78d0_V3,77e577e9600e9eb87689ee6afb0952ece7db78d0,Boats,/home/mark/projects/code/RNN_NatAbs/data/original/HvM_with_discfade/Variation03_20110128/CGTG_L_rx+28.194_ry+32.511_rz-39.622_tx-00.125_ty+00.308_s+01.456_77e577e9600e9eb87689ee6afb0952ece7db78d0_256x256.png,feb2281e5fd2d7c5046a8e8ebb2d6b72b0558ddc,CGTG_L,0.36159379203771014,122.511,0.31352493190281927,28.194000000000003,-0.23731510504727138,-39.622,0.20683760683760655,256.0,-0.125,0.308,3,1,1,2,2,5,True
22,d735379622220b2b4a9805eed3b8644c126fb064_V6,d735379622220b2b4a9805eed3b8644c126fb064,Boats,/home/mark/projects/code/RNN_NatAbs/data/original/HvM_with_discfade/Variation06_20110131/CGTG_L_rx+28.542_ry-19.817_rz+37.915_tx+00.433_ty+00.675_s+01.434_d735379622220b2b4a9805eed3b8644c126fb064_256x256.png,f15129853efa4daeb9d438bd7542258543cae0a1,CGTG_L,-0.22015808958409777,70.183,0.3173939629773648,28.542,0.22407923201270497,37.915,0.16923076923076907,256.0,0.433,0.675,6,1,1,2,2,1,True
23,de7e13dfab41d7fec5558b2d1e3a4ec1a563f165_V6,de7e13dfab41d7fec5558b2d1e3a4ec1a563f165,Boats,/home/mark/projects/code/RNN_NatAbs/data/original/HvM_with_discfade/Variation06_20110131/CGTG_L_rx-01.935_ry-75.930_rz-77.844_tx-00.370_ty+00.311_s+01.688_de7e13dfab41d7fec5558b2d1e3a4ec1a563f165_256x256.png,b77d30b85b3af202f386587e64487076cfeb0c02,CGTG_L,-0.8439893717551058,14.06999999999999,-0.021446439490809266,-1.935,-0.4647602518946655,-77.844,0.603418803418803,256.0,-0.37,0.311,6,1,1,2,2,6,True
24,00b602c77f28f4d19414291beb3820480b1d2598_V6,00b602c77f28f4d19414291beb3820480b1d2598,Boats,/home/mark/projects/code/RNN_NatAbs/data/original/HvM_with_discfade/Variation06_20110131/CGTG_L_rx+42.135_ry-45.754_rz-48.117_tx-00.447_ty-00.539_s+01.688_00b602c77f28f4d19414291beb3820480b1d2598_256x256.png,84e7b64f37264eacc9b729839824023ab0143d28,CGTG_L,-0.5085103781031474,44.246,0.46851965089776026,42.135000000000005,-0.2878657440109208,-48.117,0.603418803418803,256.0,-0.447,-0.539,6,1,1,2,2,9,True
25,239eeb2c453058c64041976909d4d3b609d03685_V3,239eeb2c453058c64041976909d4d3b609d03685,Boats,/home/mark/projects/code/RNN_NatAbs/data/original/HvM_with_discfade/Variation03_20110128/CGTG_L_rx+20.518_ry+36.224_rz+03.824_tx-00.160_ty-00.536_s+01.016_239eeb2c453058c64041976909d4d3b609d03685_256x256.png,c733c53720019eecaa5e67ebcd98cd215b3a327a,CGTG_L,0.4028727389965423,126.22399999999999,0.228183890155085,20.518000000000008,0.021216155743160936,3.823999999999999,-0.5452991452991454,256.0,-0.16,-0.536,3,1,1,2,2,8,True
26,e1089275f5cc104f982f7839ab5ed4c4a97c77f8_V3,e1089275f5cc104f982f7839ab5ed4c4a97c77f8,Boats,/home/mark/projects/code/RNN_NatAbs/data/original/HvM_with_discfade/Variation03_20110128/CGTG_L_rx-23.819_ry+27.301_rz+33.099_tx+00.114_ty+00.402_s+01.050_e1089275f5cc104f982f7839ab5ed4c4a97c77f8_256x256.png,db3132736957ec82039b5251699e088fa5c1ffa5,CGTG_L,0.30367208084581243,117.30099999999999,-0.2647506809717135,-23.819000000000003,0.19542097689217108,33.099,-0.4871794871794871,256.0,0.114,0.402,3,1,1,2,2,2,True
27,70296c9099b444abf8e38312a778d719b3c74788_V6,70296c9099b444abf8e38312a778d719b3c74788,Boats,/home/mark/projects/code/RNN_NatAbs/data/original/HvM_with_discfade/Variation06_20110131/CGTG_L_rx+15.855_ry+44.991_rz-61.163_tx+00.512_ty-00.910_s+01.094_70296c9099b444abf8e38312a778d719b3c74788_256x256.png,fede9cf58793a484009e4268c1267e247a2bf7f0,CGTG_L,0.5003390810348087,134.991,0.1763410973372519,15.854999999999999,-0.3654977199873507,-61.16299999999999,-0.41196581196581206,256.0,0.512,-0.91,6,1,1,2,2,7,True
28,f144e3aabccefb4228b8257506a2aa26ba5b4a6d_V3,f144e3aabccefb4228b8257506a2aa26ba5b4a6d,Cars,/home/mark/projects/code/RNN_NatAbs/data/original/HvM_with_discfade/Variation03_20110128/Beetle_rx-06.302_ry-39.833_rz+22.244_tx-00.197_ty-00.042_s+01.234_f144e3aabccefb4228b8257506a2aa26ba5b4a6d_256x256.png,4fefbea44756719f5cded1539b1c092e352beab0,Beetle,-0.44268418770636686,50.16700000000001,-0.06999833231420116,-6.302,0.1308268408179607,22.244000000000003,0.2492307692307687,256.0,-0.197,-0.042,3,2,0,3,1,5,True
29,53991aafc814d9db3b4bb72b1127a00dd068c54c_V6,53991aafc814d9db3b4bb72b1127a00dd068c54c,Cars,/home/mark/projects/code/RNN_NatAbs/data/original/HvM_with_discfade/Variation06_20110131/Beetle_rx+66.691_ry+02.215_rz-70.438_tx+00.137_ty+00.981_s+01.323_53991aafc814d9db3b4bb72b1127a00dd068c54c_256x256.png,4069cf701dee7c47ba55d9af9b561197710aee47,Beetle,0.024780709068472184,92.215,0.7415309355717268,66.69099999999999,-0.42068985375872814,-70.438,0.4317948717948712,256.0,0.137,0.981,6,2,0,3,1,2,True
30,62383a2a8a133772768b927cc6e31c796b5f2b21_V6,62383a2a8a133772768b927cc6e31c796b5f2b21,Cars,/home/mark/projects/code/RNN_NatAbs/data/original/HvM_with_discfade/Variation06_20110131/Beetle_rx+18.468_ry+13.861_rz-00.641_tx-00.246_ty-01.038_s+01.448_62383a2a8a133772768b927cc6e31c796b5f2b21_256x256.png,e4c30a43b712767c6bcc1d2a861fe12e558fde3b,Beetle,0.1542540773104759,103.861,0.20539218411250326,18.468000000000004,-0.005353426713895715,-0.641,0.6882051282051276,256.0,-0.246,-1.038,6,2,0,3,1,9,True
31,1abc06de56081bf45b8db2ff9c814ad8425f1806_V6,1abc06de56081bf45b8db2ff9c814ad8425f1806,Cars,/home/mark/projects/code/RNN_NatAbs/data/original/HvM_with_discfade/Variation06_20110131/Beetle_rx+26.111_ry+87.983_rz-04.800_tx-00.362_ty-00.346_s+00.820_1abc06de56081bf45b8db2ff9c814ad8425f1806_256x256.png,9a21e4dd644a0eba154d26fd49d4a7f57bd26576,Beetle,0.9782988137722484,177.983,0.2903663349824792,26.111,-0.030102115054074563,-4.8,-0.6000000000000003,256.0,-0.362,-0.346,6,2,0,3,1,6,True
32,1ed78938296e02732cde8c27b4a3fa718bc27844_V6,1ed78938296e02732cde8c27b4a3fa718bc27844,Cars,/home/mark/projects/code/RNN_NatAbs/data/original/HvM_with_discfade/Variation06_20110131/Beetle_rx-70.304_ry+47.106_rz+12.051_tx+00.519_ty+00.764_s+01.559_1ed78938296e02732cde8c27b4a3fa718bc27844_256x256.png,4f5db4cadfd733acc4036c12fb3b052c20270e8d,Beetle,0.5238524052518649,137.10599999999997,-0.7815665128689826,-70.304,0.07017202469595007,12.051,0.9158974358974352,256.0,0.519,0.764,6,2,0,3,1,1,True
33,63e0c27781e439aed5c9d74a6b82b73a16164055_V6,63e0c27781e439aed5c9d74a6b82b73a16164055,Cars,/home/mark/projects/code/RNN_NatAbs/data/original/HvM_with_discfade/Variation06_20110131/Beetle_rx-75.319_ry-16.455_rz-33.697_tx+00.436_ty-00.557_s+01.491_63e0c27781e439aed5c9d74a6b82b73a16164055_256x256.png,d88c492194c28b1e8a60bd6d3967b84ee654265b,Beetle,-0.18278135387830885,73.545,-0.8373228083829078,-75.31900000000002,-0.20205759641164744,-33.697,0.776410256410256,256.0,0.436,-0.557,6,2,0,3,1,7,True
34,34eb36940d320c8e4b3d446bc366dc4620058c2a_V3,34eb36940d320c8e4b3d446bc366dc4620058c2a,Cars,/home/mark/projects/code/RNN_NatAbs/data/original/HvM_with_discfade/Variation03_20110128/astra_rx-28.646_ry-02.606_rz+05.609_tx+00.042_ty-00.388_s+01.088_34eb36940d320c8e4b3d446bc366dc4620058c2a_256x256.png,f901256567ce5ea953d22e565be8262e7662e95a,astra,-0.02881632925324351,87.394,-0.318416810272953,-28.646,0.03183803809161456,5.609,-0.050256410256410367,256.0,0.042,-0.388,3,2,2,3,3,5,True
35,3eaa6f1fe020d5828184bcb88839891548d39c65_V6,3eaa6f1fe020d5828184bcb88839891548d39c65,Cars,/home/mark/projects/code/RNN_NatAbs/data/original/HvM_with_discfade/Variation06_20110131/astra_rx-77.418_ry-08.359_rz+07.507_tx-00.278_ty+01.137_s+00.759_3eaa6f1fe020d5828184bcb88839891548d39c65_256x256.png,bd4f49a0fd4ad5ba31355b186e5e7b0ff1cb5fbf,astra,-0.09277479460583216,81.64099999999999,-0.8606592917894339,-77.418,0.04313234212375194,7.507000000000001,-0.7251282051282052,256.0,-0.278,1.137,6,2,2,3,3,3,True
36,a17beb47186d13aa2191f43e4da68649eebeeba3_V3,a17beb47186d13aa2191f43e4da68649eebeeba3,Cars,/home/mark/projects/code/RNN_NatAbs/data/original/HvM_with_discfade/Variation03_20110128/astra_rx-06.800_ry-11.674_rz-08.848_tx-00.204_ty-00.022_s+01.207_a17beb47186d13aa2191f43e4da68649eebeeba3_256x256.png,3506d62506cbf58293cf9dfa8bb9c99869138212,astra,-0.12962901199568655,78.326,-0.07553504919674037,-6.800000000000001,-0.0541902829793075,-8.848,0.19384615384615356,256.0,-0.204,-0.022,3,2,2,3,3,6,True
37,b9add36dd5768d3d585186712eb74782f31a3d78_V6,b9add36dd5768d3d585186712eb74782f31a3d78,Cars,/home/mark/projects/code/RNN_NatAbs/data/original/HvM_with_discfade/Variation06_20110131/astra_rx+21.437_ry+87.130_rz+11.805_tx-00.421_ty-01.149_s+01.008_b9add36dd5768d3d585186712eb74782f31a3d78_256x256.png,ab8af1ed063cf39ebcb0b7e233a0933fdba8cc44,astra,0.9688156622085848,177.13000000000002,0.2384012452053932,21.437,0.06870816864120521,11.805,-0.21435897435897455,256.0,-0.421,-1.149,6,2,2,3,3,9,True
38,ff3f20b489e78ee5d0db356052166caf801408fc_V3,ff3f20b489e78ee5d0db356052166caf801408fc,Cars,/home/mark/projects/code/RNN_NatAbs/data/original/HvM_with_discfade/Variation03_20110128/astra_rx-12.168_ry+32.362_rz-06.838_tx+00.227_ty+00.437_s+00.944_ff3f20b489e78ee5d0db356052166caf801408fc_256x256.png,6da50ca364336f1a832bcd302fd00b9c1a3e2d15,astra,0.35993729780208783,122.362,-0.13521596531214408,-12.168,-0.04222950789785529,-6.838,-0.34564102564102595,256.0,0.227,0.437,3,2,2,3,3,1,True
39,087d94504c098c5ebf0ad52164ffd70020644e6e_V6,087d94504c098c5ebf0ad52164ffd70020644e6e,Cars,/home/mark/projects/code/RNN_NatAbs/data/original/HvM_with_discfade/Variation06_20110131/astra_rx+17.686_ry+85.824_rz+15.507_tx+00.327_ty-00.050_s+00.960_087d94504c098c5ebf0ad52164ffd70020644e6e_256x256.png,9a91da049405f91de1bfc3dac3f4a9ceb7e561c3,astra,0.9542963234721895,175.824,0.19669798210016243,17.686,0.0907374170748052,15.507000000000003,-0.31282051282051315,256.0,0.327,-0.05,6,2,2,3,3,4,True
40,6d4edcf292c1a9122661f1979806bff6e61ea996_V6,6d4edcf292c1a9122661f1979806bff6e61ea996,Chairs,/home/mark/projects/code/RNN_NatAbs/data/original/HvM_with_discfade/Variation06_20110131/_031_rx+40.141_ry-76.791_rz+54.422_tx-00.070_ty-00.025_s+01.012_6d4edcf292c1a9122661f1979806bff6e61ea996_256x256.png,da6d7d2555fb0731c10ea1e74ccb8468fef98ee3,_031,-0.8535614626065884,-76.79100000000001,0.4463505475568299,40.141,0.3223063535398343,54.42199999999998,0.6835164835164831,256.0,-0.07,-0.025,6,3,6,4,7,5,True
41,21aecb18b64c47d33c714073000096a3490674c4_V6,21aecb18b64c47d33c714073000096a3490674c4,Chairs,/home/mark/projects/code/RNN_NatAbs/data/original/HvM_with_discfade/Variation06_20110131/_031_rx+39.168_ry+64.686_rz-13.439_tx-00.599_ty+00.222_s+00.716_21aecb18b64c47d33c714073000096a3490674c4_256x256.png,f09f38dab27874b853165e5441c91963cd6c0c0c,_031,0.7192964902333545,64.686,0.43553282561564344,39.168,-0.08150964536684302,-13.439,-0.183882783882784,256.0,-0.599,0.222,6,3,6,4,7,6,True
42,4389a1a8b3fd270676ffa3faef7f18aa70db0d38_V3,4389a1a8b3fd270676ffa3faef7f18aa70db0d38,Chairs,/home/mark/projects/code/RNN_NatAbs/data/original/HvM_with_discfade/Variation03_20110128/_031_rx-15.145_ry-01.351_rz+33.333_tx+00.206_ty+00.321_s+00.650_4389a1a8b3fd270676ffa3faef7f18aa70db0d38_256x256.png,1ece73c0e03500d16baa4b46b71b87c14c34b6e9,_031,-0.014863978476692408,-1.351,-0.16831396964812706,-15.145,0.1968134253344893,33.333,-0.37728937728937717,256.0,0.206,0.321,3,3,6,4,7,4,True
43,0d944a5c935dbb8a926303060563f571bd96d13d_V6,0d944a5c935dbb8a926303060563f571bd96d13d,Chairs,/home/mark/projects/code/RNN_NatAbs/data/original/HvM_with_discfade/Variation06_20110131/_031_rx+84.149_ry+34.221_rz+36.853_tx-00.424_ty-00.634_s+01.030_0d944a5c935dbb8a926303060563f571bd96d13d_256x256.png,c6567b843549b33903b1fef48f1e326f34a8504d,_031,0.38060456480894733,34.221000000000004,0.9356273278114287,84.14900000000002,0.21775965831295285,36.852999999999994,0.7362637362637359,256.0,-0.424,-0.634,6,3,6,4,7,9,True
44,3ae0cba4a53088c32be968960a80062d47231b45_V3,3ae0cba4a53088c32be968960a80062d47231b45,Chairs,/home/mark/projects/code/RNN_NatAbs/data/original/HvM_with_discfade/Variation03_20110128/_031_rx-11.571_ry+12.575_rz+35.910_tx+00.038_ty+00.452_s+00.666_3ae0cba4a53088c32be968960a80062d47231b45_256x256.png,35425af53ea6841b9119152a498185e84f2d8113,_031,0.1399570867936275,12.575,-0.12857857579632892,-11.571,0.21214821010309737,35.90999999999999,-0.33040293040293045,256.0,0.038,0.452,3,3,6,4,7,2,True
45,b2f1bc07bbbfcc512417602baf81212a7ee6a83d_V6,b2f1bc07bbbfcc512417602baf81212a7ee6a83d,Chairs,/home/mark/projects/code/RNN_NatAbs/data/original/HvM_with_discfade/Variation06_20110131/_031_rx+41.489_ry+49.556_rz-38.759_tx-00.475_ty+00.592_s+00.443_b2f1bc07bbbfcc512417602baf81212a7ee6a83d_256x256.png,5430832f6295870805b2199e6b4c14bde57fd4f2,_031,0.551090062146327,49.55599999999999,0.46133748401800023,41.48899999999998,-0.23217970758692652,-38.75900000000001,-0.9838827838827838,256.0,-0.475,0.592,6,3,6,4,7,3,True
46,f2121217dc351171e3cd06e4da5166f56d1b74c8_V3,f2121217dc351171e3cd06e4da5166f56d1b74c8,Chairs,/home/mark/projects/code/RNN_NatAbs/data/original/HvM_with_discfade/Variation03_20110128/_011_rx+37.766_ry-18.510_rz+15.517_tx+00.123_ty+00.225_s+00.582_f2121217dc351171e3cd06e4da5166f56d1b74c8_256x256.png,e8835ba8f009f1ec62210ed65223e126ed5fe566,_011,-0.2056276334367252,-18.509999999999998,0.41994552226359505,37.766,0.09079692341849399,15.517,-0.5765567765567767,256.0,0.123,0.225,3,3,4,4,5,5,True
47,2c5f6f26083a52e6e156bdaead57b94830239ec9_V3,2c5f6f26083a52e6e156bdaead57b94830239ec9,Chairs,/home/mark/projects/code/RNN_NatAbs/data/original/HvM_with_discfade/Variation03_20110128/_011_rx-24.230_ry-12.151_rz+25.733_tx-00.209_ty-00.559_s+00.566_2c5f6f26083a52e6e156bdaead57b94830239ec9_256x256.png,8230172541acd5dc1b90f9c6fcfc290a58d7a704,_011,-0.13493201703187363,-12.151000000000002,-0.26932014008561644,-24.230000000000004,0.15158860413098885,25.732999999999993,-0.6234432234432237,256.0,-0.209,-0.559,3,3,4,4,5,9,True
48,b90b0d95ce4488673ecc01645a329d4040eafc8b_V6,b90b0d95ce4488673ecc01645a329d4040eafc8b,Chairs,/home/mark/projects/code/RNN_NatAbs/data/original/HvM_with_discfade/Variation06_20110131/_011_rx-86.937_ry-32.869_rz+70.373_tx-00.429_ty+00.255_s+00.492_b90b0d95ce4488673ecc01645a329d4040eafc8b_256x256.png,f6857c4d2555e0d018906f0c372d9b709d337b4c,_011,-0.36526253766022976,-32.869,-0.9664906331647184,-86.937,0.41722492235786546,70.373,-0.8402930402930404,256.0,-0.429,0.255,6,3,4,4,5,6,True
49,6480c32626969bfc8d45ba531e885e483d45a857_V6,6480c32626969bfc8d45ba531e885e483d45a857,Chairs,/home/mark/projects/code/RNN_NatAbs/data/original/HvM_with_discfade/Variation06_20110131/_011_rx-18.359_ry+68.059_rz-55.729_tx+00.383_ty+00.048_s+00.853_6480c32626969bfc8d45ba531e885e483d45a857_256x256.png,f39bb0c54396f6a203827c872460445c6705b1ab,_011,0.7567955174598939,68.059,-0.20404691756074023,-18.359,-0.3331619728268479,-55.72899999999999,0.21758241758241725,256.0,0.383,0.048,6,3,4,4,5,4,True
50,5556b40175798dcc04a639dd5ca815c7c51aaaee_V6,5556b40175798dcc04a639dd5ca815c7c51aaaee,Chairs,/home/mark/projects/code/RNN_NatAbs/data/original/HvM_with_discfade/Variation06_20110131/_011_rx+02.892_ry-48.100_rz-82.209_tx+00.459_ty-00.625_s+00.953_5556b40175798dcc04a639dd5ca815c7c51aaaee_256x256.png,1347a68b4d6bb72bf1f25116bba9a9df07ddd7f2,_011,-0.5345918242559673,-48.099999999999994,0.03221968981043033,2.892,-0.49073477091483386,-82.20899999999999,0.5106227106227101,256.0,0.459,-0.625,6,3,4,4,5,7,True
51,783887c1bcb3cad36484715c2472689cc8939597_V6,783887c1bcb3cad36484715c2472689cc8939597,Chairs,/home/mark/projects/code/RNN_NatAbs/data/original/HvM_with_discfade/Variation06_20110131/_011_rx+40.531_ry-15.208_rz+40.407_tx+00.466_ty+00.870_s+00.798_783887c1bcb3cad36484715c2472689cc8939597_256x256.png,7e5436c282b1c8aa04275b49806c3d44a43ede3e,_011,-0.16891794238957636,-15.208000000000004,0.45068653065761355,40.531,0.238908212859958,40.40699999999999,0.05641025641025643,256.0,0.466,0.87,6,3,4,4,5,1,True
52,55ed1a15b191930ab18c20db9140305097cbc503_V0,55ed1a15b191930ab18c20db9140305097cbc503,Faces,/home/mark/projects/code/RNN_NatAbs/data/original/HvM_with_discfade/Variation00_20110203/face0004_rx+00.000_ry+00.000_rz+00.000_tx+00.000_ty+00.000_s+00.800_55ed1a15b191930ab18c20db9140305097cbc503_256x256.png,d4207a8fb0ba51bcfab7a14b3444c98ce8e37e00,face0004,0.0001556437536824884,-0.0,6.670743231040888e-05,0.0,-0.001539070083442562,-0.0,-0.23076923076923106,256.0,0.0,0.0,0,4,3,5,4,5,True
53,62f41cb308b6d5a23b5f36825cf2d20ec123d649_V6,62f41cb308b6d5a23b5f36825cf2d20ec123d649,Faces,/home/mark/projects/code/RNN_NatAbs/data/original/HvM_with_discfade/Variation06_20110131/face0004_rx+71.823_ry+17.369_rz+34.907_tx-00.166_ty-01.129_s+00.947_62f41cb308b6d5a23b5f36825cf2d20ec123d649_256x256.png,1faea86349d9e899e9d4d7aad2f85bc5e33b908b,face0004,0.19325395501895515,17.369,0.7985880260158873,71.82300000000001,0.20617972383110894,34.907,0.1461538461538454,256.0,-0.166,-1.129,6,4,3,5,4,8,True
54,64e67d7215a5e2a9366943ab1cca484da2f87905_V6,64e67d7215a5e2a9366943ab1cca484da2f87905,Faces,/home/mark/projects/code/RNN_NatAbs/data/original/HvM_with_discfade/Variation06_20110131/face0004_rx+46.755_ry-60.840_rz+72.034_tx+00.314_ty-01.074_s+00.758_64e67d7215a5e2a9366943ab1cca484da2f87905_256x256.png,00eb38f06dff82cee5ef72443d54f3a5e88522ce,face0004,-0.6762276401071721,-60.84000000000001,0.5198843737839685,46.75500000000001,0.4271089260445782,72.03400000000002,-0.3384615384615387,256.0,0.314,-1.074,6,4,3,5,4,7,True
55,c28e2ccd0c476e2f36ab9541e163e311306e979e_V6,c28e2ccd0c476e2f36ab9541e163e311306e979e,Faces,/home/mark/projects/code/RNN_NatAbs/data/original/HvM_with_discfade/Variation06_20110131/face0004_rx-69.400_ry-63.474_rz+01.224_tx-00.360_ty+00.178_s+01.186_c28e2ccd0c476e2f36ab9541e163e311306e979e_256x256.png,c57dc757a4e66d6bf389d75e40484530c1cf1649,face0004,-0.7055109006214633,-63.474,-0.7715159263994734,-69.39999999999999,0.005744506384068426,1.224,0.7589743589743583,256.0,-0.36,0.178,6,4,3,5,4,6,True
56,d433bb0fa708ba13434b409b50afc77dc4802fb8_V6,d433bb0fa708ba13434b409b50afc77dc4802fb8,Faces,/home/mark/projects/code/RNN_NatAbs/data/original/HvM_with_discfade/Variation06_20110131/face0004_rx-34.062_ry-21.869_rz-17.746_tx+00.313_ty+01.064_s+01.110_d433bb0fa708ba13434b409b50afc77dc4802fb8_256x256.png,140cc8f787e2f508192528ede783a7a65abcf7d6,face0004,-0.24297101690958212,-21.869,-0.3786313858469146,-34.06199999999999,-0.10713902759361615,-17.745999999999995,0.5641025641025634,256.0,0.313,1.064,6,4,3,5,4,1,True
57,c6294dfba6fa1f8ef93d0a55a9c690bf387bed38_V6,c6294dfba6fa1f8ef93d0a55a9c690bf387bed38,Faces,/home/mark/projects/code/RNN_NatAbs/data/original/HvM_with_discfade/Variation06_20110131/face0004_rx+13.892_ry-56.355_rz-33.547_tx-00.354_ty+00.980_s+00.942_c6294dfba6fa1f8ef93d0a55a9c690bf387bed38_256x256.png,176520d6358f07573abdee0203746bb42d595e6e,face0004,-0.6263660518738394,-56.35499999999998,0.15451664906330675,13.892,-0.2011650012563152,-33.547,0.13333333333333242,256.0,-0.354,0.98,6,4,3,5,4,3,True
58,6e02cf3db148d784bca3052ce2ed8b55aebd052a_V3,6e02cf3db148d784bca3052ce2ed8b55aebd052a,Faces,/home/mark/projects/code/RNN_NatAbs/data/original/HvM_with_discfade/Variation03_20110128/face0001_rx-08.819_ry+25.594_rz+08.279_tx-00.049_ty+00.046_s+00.984_6e02cf3db148d784bca3052ce2ed8b55aebd052a_256x256.png,e9a28caa6ce9bf706d4c289e72716265917ecb7d,face0001,0.28469466030750756,25.594000000000005,-0.09798210017233666,-8.819,0.04772623185652858,8.278999999999998,0.2410256410256406,256.0,-0.049,0.046,3,4,0,5,1,5,True
59,f5caeb0014beb7064cbf035046e0f237536d3635_V6,f5caeb0014beb7064cbf035046e0f237536d3635,Faces,/home/mark/projects/code/RNN_NatAbs/data/original/HvM_with_discfade/Variation06_20110131/face0001_rx-63.032_ry-76.549_rz-30.079_tx+00.219_ty+00.195_s+00.721_f5caeb0014beb7064cbf035046e0f237536d3635_256x256.png,1b32b78c36a557f934b86ffe7c66007d0b1e42a4,face0001,-0.8508710491500739,-76.54899999999999,-0.7007171048974448,-63.032000000000004,-0.18052820126503377,-30.079,-0.4333333333333338,256.0,0.219,0.195,6,4,0,5,1,4,True
60,44ae442dbf99a1ed64683320a3595a4a76ef7054_V6,44ae442dbf99a1ed64683320a3595a4a76ef7054,Faces,/home/mark/projects/code/RNN_NatAbs/data/original/HvM_with_discfade/Variation06_20110131/face0001_rx-23.849_ry+29.061_rz-57.900_tx-00.559_ty+00.927_s+01.276_44ae442dbf99a1ed64683320a3595a4a76ef7054_256x256.png,129f2f71ead8343540e3b8f8e1b586e24ec208e8,face0001,0.32323872416591626,29.061000000000003,-0.2650842181333123,-23.849,-0.34608080004168995,-57.89999999999999,0.9897435897435891,256.0,-0.559,0.927,6,4,0,5,1,3,True
61,6098192529b27e355fca53d7dba1a69803a30773_V3,6098192529b27e355fca53d7dba1a69803a30773,Faces,/home/mark/projects/code/RNN_NatAbs/data/original/HvM_with_discfade/Variation03_20110128/face0001_rx+25.294_ry-44.732_rz+27.472_tx-00.179_ty+00.516_s+00.781_6098192529b27e355fca53d7dba1a69803a30773_256x256.png,b19a8bbf6963a7b606a6309079162197d59e3c0c,face0001,-0.4971483840843145,-44.732,0.2812830062816065,25.294000000000004,0.161936757298474,27.472,-0.2794871794871798,256.0,-0.179,0.516,3,4,0,5,1,2,True
62,2bc3ec7c92bba9f3ce8250458c453e4ab5638c3e_V6,2bc3ec7c92bba9f3ce8250458c453e4ab5638c3e,Faces,/home/mark/projects/code/RNN_NatAbs/data/original/HvM_with_discfade/Variation06_20110131/face0001_rx-61.656_ry+76.928_rz+89.403_tx-00.305_ty+00.267_s+00.970_2bc3ec7c92bba9f3ce8250458c453e4ab5638c3e_256x256.png,4396bfd35729836efd97ba7b56be9791d5e99df1,face0001,0.8553958354178479,76.928,-0.6854188670854482,-61.65599999999998,0.5304654943976834,89.403,0.20512820512820462,256.0,-0.305,0.267,6,4,0,5,1,6,True
63,b68a141b258a31e8cda51fcb30c1d76ade4f2039_V3,b68a141b258a31e8cda51fcb30c1d76ade4f2039,Faces,/home/mark/projects/code/RNN_NatAbs/data/original/HvM_with_discfade/Variation03_20110128/face0001_rx-34.489_ry+06.548_rz+13.138_tx-00.119_ty-00.524_s+00.886_b68a141b258a31e8cda51fcb30c1d76ade4f2039_256x256.png,06ec3f2739233f2b3fdff381e8395579c27ac420,face0001,0.07295245083324997,6.548,-0.38337873144700363,-34.489,0.07664036425492449,13.138,-0.010256410256410664,256.0,-0.119,-0.524,3,4,0,5,1,8,True
64,5fd906758f13731a000a056260c0c6fed4ff3786_V0,5fd906758f13731a000a056260c0c6fed4ff3786,Fruits,/home/mark/projects/code/RNN_NatAbs/data/original/HvM_with_discfade/Variation00_20110203/walnut_obj_rx-90.000_ry+00.000_rz+00.000_tx+00.000_ty+00.000_s+00.700_5fd906758f13731a000a056260c0c6fed4ff3786_256x256.png,61948663f80dada76e9d7273b87707cd85669ce9,walnut_obj,0.0001556437536824884,-0.0,6.670743231040888e-05,0.0,-0.001539070083442562,-0.0,-0.23076923076923106,256.0,0.0,0.0,0,5,6,6,7,5,True
65,79d9a2487f6a4d8c9b8cf02b2cba1c22663b9af4_V6,79d9a2487f6a4d8c9b8cf02b2cba1c22663b9af4,Fruits,/home/mark/projects/code/RNN_NatAbs/data/original/HvM_with_discfade/Variation06_20110131/walnut_obj_rx-179.950_ry+65.654_rz-41.538_tx-00.295_ty+01.081_s+00.850_79d9a2487f6a4d8c9b8cf02b2cba1c22663b9af4_256x256.png,76974e42c4b6afe55822c4e89d50b54289f8b92b,walnut_obj,-0.9998012166255782,-89.94511963425413,-0.27060970735814216,-24.34599012832733,-0.7841389853226023,-131.51537579450377,0.20879120879120872,256.0,-0.295,1.081,6,5,6,6,7,3,True
66,90f43e6676c08b5ee4d1aeefc18ab7aabb6a2281_V3,90f43e6676c08b5ee4d1aeefc18ab7aabb6a2281,Fruits,/home/mark/projects/code/RNN_NatAbs/data/original/HvM_with_discfade/Variation03_20110128/walnut_obj_rx-114.147_ry+11.222_rz-02.442_tx-00.138_ty-00.433_s+00.539_90f43e6676c08b5ee4d1aeefc18ab7aabb6a2281_256x256.png,cf5132e6bc7a1e5d9f3b0f1b50277bf359071588,walnut_obj,-0.055277605423550646,-4.9861653302429545,-0.2629476826303455,-23.656829314185657,-0.0890662117106904,-14.708875760366622,-0.7025641025641024,256.0,-0.138,-0.433,3,5,6,6,7,8,True
67,fae61cd4f0b4964dcaa3123c5f61c471c60af5da_V3,fae61cd4f0b4964dcaa3123c5f61c471c60af5da,Fruits,/home/mark/projects/code/RNN_NatAbs/data/original/HvM_with_discfade/Variation03_20110128/walnut_obj_rx-119.473_ry+38.753_rz+05.743_tx-00.220_ty-00.403_s+00.539_fae61cd4f0b4964dcaa3123c5f61c471c60af5da_256x256.png,4a1ec3a4fbf970c672f8d7b6bc9a097284fc15cd,walnut_obj,-0.2164333097237786,-19.48195977634415,-0.2507854881712248,-22.56290073356004,-0.22131188345234332,-36.932669652530585,-0.7025641025641024,256.0,-0.22,-0.403,3,5,6,6,7,9,True
68,a1708ff35fa965562f0002fa84426dba5c1c3daa_V6,a1708ff35fa965562f0002fa84426dba5c1c3daa,Fruits,/home/mark/projects/code/RNN_NatAbs/data/original/HvM_with_discfade/Variation06_20110131/walnut_obj_rx-33.785_ry-11.360_rz-87.699_tx+00.508_ty-00.512_s+00.479_a1708ff35fa965562f0002fa84426dba5c1c3daa_256x256.png,9baac3ca82e1a673f0122a547228c4558406e1ad,walnut_obj,-0.1822199273637467,-16.40450024644165,0.6067960512211417,54.572270827086555,-0.4051967715475717,-67.8343982239984,-0.8783882783882785,256.0,0.508,-0.512,6,5,6,6,7,7,True
69,4c49fca4074732c6dbe60a3a0b134b82c89111c1_V3,4c49fca4074732c6dbe60a3a0b134b82c89111c1,Fruits,/home/mark/projects/code/RNN_NatAbs/data/original/HvM_with_discfade/Variation03_20110128/walnut_obj_rx-88.101_ry+30.441_rz-00.959_tx-00.226_ty-00.193_s+00.728_4c49fca4074732c6dbe60a3a0b134b82c89111c1_256x256.png,2c8ea663efbcde8ca5f0e4e3f953b7dfe772c1b0,walnut_obj,0.010854949783032586,0.9623918780339982,0.018268368696872983,1.6371484224410926,-0.18847081509270847,-31.413750773667083,-0.14871794871794897,256.0,-0.226,-0.193,3,5,6,6,7,6,True
70,5391973e069d6b6102856534f4d74a3b24536b43_V3,5391973e069d6b6102856534f4d74a3b24536b43,Fruits,/home/mark/projects/code/RNN_NatAbs/data/original/HvM_with_discfade/Variation03_20110128/Pear_obj_rx-96.296_ry+35.040_rz-43.470_tx+00.159_ty+00.274_s+00.724_5391973e069d6b6102856534f4d74a3b24536b43_256x256.png,cede932313ca21151ed8c8ff5cc8dd190a03314a,Pear_obj,-0.04014068117725744,-3.624614131213118,-0.057206389484167786,-5.151428702152638,-0.4696939679007024,-78.67310757075536,-0.16043956043956076,256.0,0.159,0.274,3,5,3,6,4,5,True
71,de16f946170424a46e578e311568760a184450ab_V6,de16f946170424a46e578e311568760a184450ab,Fruits,/home/mark/projects/code/RNN_NatAbs/data/original/HvM_with_discfade/Variation06_20110131/Pear_obj_rx-10.436_ry-35.276_rz+24.876_tx+00.339_ty-00.654_s+00.923_de16f946170424a46e578e311568760a184450ab_256x256.png,9bad88f100a248e15bc2f9e2447da4a4cd6f2c03,Pear_obj,-0.8037581749125173,-72.31124407520602,0.5938242121247022,53.40551875955732,0.5965807741923563,100.5136271526978,0.42271062271062254,256.0,0.339,-0.654,6,5,3,6,4,7,True
72,b9a8e415a2428e218a82032831d261df4dbef35d_V6,b9a8e415a2428e218a82032831d261df4dbef35d,Fruits,/home/mark/projects/code/RNN_NatAbs/data/original/HvM_with_discfade/Variation06_20110131/Pear_obj_rx-12.499_ry-33.133_rz+89.770_tx+00.314_ty+00.683_s+00.913_b9a8e415a2428e218a82032831d261df4dbef35d_256x256.png,be4fc135a075479081913efef6072ac4bf582885,Pear_obj,-0.7549852654857179,-67.92416964517483,0.6097839932991476,54.84102127729282,0.9590469826768748,161.42582340189193,0.39340659340659334,256.0,0.314,0.683,6,5,3,6,4,1,True
73,160678ce5350301512c9be5b1ab7d8e80c151d3c_V6,160678ce5350301512c9be5b1ab7d8e80c151d3c,Fruits,/home/mark/projects/code/RNN_NatAbs/data/original/HvM_with_discfade/Variation06_20110131/Pear_obj_rx-87.764_ry+07.006_rz+03.481_tx-00.468_ty-00.141_s+00.926_160678ce5350301512c9be5b1ab7d8e80c151d3c_256x256.png,051adf5a2576aee570b6e8683d75df661847ca7c,Pear_obj,0.003189237638726361,0.27286873636581427,0.024740633284851654,2.2192962608068263,-0.022546507260153947,-3.530285323287214,0.4315018315018313,256.0,-0.468,-0.141,6,5,3,6,4,6,True
74,33898a7755705e482be4a27de9ec351f473e0798_V6,33898a7755705e482be4a27de9ec351f473e0798,Fruits,/home/mark/projects/code/RNN_NatAbs/data/original/HvM_with_discfade/Variation06_20110131/Pear_obj_rx-81.964_ry+16.581_rz+33.477_tx+00.054_ty+00.865_s+01.022_33898a7755705e482be4a27de9ec351f473e0798_256x256.png,4fc4d0b13564ffd544c705644e2c9b711fb60a61,Pear_obj,0.025805137842012327,2.3071463437511674,0.08567202124519802,7.6997699509001905,0.0980788391215075,16.740720909672028,0.7128205128205127,256.0,0.054,0.865,6,5,3,6,4,2,True
75,c5d603195a1fe86303dd7e9268aeaf3ee17cd24f_V6,c5d603195a1fe86303dd7e9268aeaf3ee17cd24f,Fruits,/home/mark/projects/code/RNN_NatAbs/data/original/HvM_with_discfade/Variation06_20110131/Pear_obj_rx-107.091_ry+52.555_rz-04.800_tx-00.274_ty+00.980_s+00.888_c5d603195a1fe86303dd7e9268aeaf3ee17cd24f_256x256.png,8797d64f15126967f0957809fb96b16e36ec83a1,Pear_obj,-0.15235536525699178,-13.718212749501149,-0.1143719005870657,-10.293180598302813,-0.3502251222490096,-58.59645048752986,0.3201465201465199,256.0,-0.274,0.98,6,5,3,6,4,3,True
76,ba1bd5019208455f5d4a651fca3db3c6987ee6fa_V3,ba1bd5019208455f5d4a651fca3db3c6987ee6fa,Planes,/home/mark/projects/code/RNN_NatAbs/data/original/HvM_with_discfade/Variation03_20110128/_05_future_rx+16.463_ry+102.069_rz+49.889_tx-00.166_ty-00.316_s+01.397_ba1bd5019208455f5d4a651fca3db3c6987ee6fa_256x256.png,7246e3787d489d138902ff447802d643e67eb7cc,_05_future,0.18708742552449253,106.81432683850258,-0.12853654486196187,-11.567219527608353,-0.21959072798628587,-36.64343066398541,-0.07771203155818585,256.0,-0.166,-0.316,3,6,1,7,2,5,True
77,a38f7efa470fafdf195bf2b215b97bfddfb4cdc6_V6,a38f7efa470fafdf195bf2b215b97bfddfb4cdc6,Planes,/home/mark/projects/code/RNN_NatAbs/data/original/HvM_with_discfade/Variation06_20110131/_05_future_rx-76.786_ry+152.115_rz+113.510_tx-00.452_ty+00.219_s+01.990_a38f7efa470fafdf195bf2b215b97bfddfb4cdc6_256x256.png,3a1f41da69d9a6f48354a71984ce366c21de0993,_05_future,-0.9307384263546826,6.267009287822671,-0.12953116432775547,-11.656680575459161,-0.22745285997812414,-37.964656520669315,0.8579881656804726,256.0,-0.452,0.219,6,6,1,7,2,6,True
78,637c1479d888b313f3279241ed6a2f3c483402c9_V6,637c1479d888b313f3279241ed6a2f3c483402c9,Planes,/home/mark/projects/code/RNN_NatAbs/data/original/HvM_with_discfade/Variation06_20110131/_05_future_rx-17.644_ry+173.884_rz+42.167_tx-00.571_ty-00.738_s+01.800_637c1479d888b313f3279241ed6a2f3c483402c9_256x256.png,0a8f6f02b80e7d69adcbeb6c5af9f80a08a79be1,_05_future,-0.7945249854824756,18.519272080836807,-0.7932844251146397,-71.35796761693562,-0.7058777889180536,-118.36363573569439,0.55818540433925,256.0,-0.571,-0.738,6,6,1,7,2,9,True
79,1f00bdd9e2d0caefc99716330feb8c7d750fcaa9_V6,1f00bdd9e2d0caefc99716330feb8c7d750fcaa9,Planes,/home/mark/projects/code/RNN_NatAbs/data/original/HvM_with_discfade/Variation06_20110131/_05_future_rx-60.543_ry+62.709_rz+17.709_tx+00.504_ty-01.029_s+01.348_1f00bdd9e2d0caefc99716330feb8c7d750fcaa9_256x256.png,a323dff18e64566263ac9277b1dba3950c237ac7,_05_future,-0.7041010741373261,26.65281248242166,0.1449463185037687,13.031196617822362,-0.287761046213888,-48.09940560744577,-0.15502958579881654,256.0,0.504,-1.029,6,6,1,7,2,7,True
80,ce56947cdc2d9a42e498addc1c5930506d1d7dab_V6,ce56947cdc2d9a42e498addc1c5930506d1d7dab,Planes,/home/mark/projects/code/RNN_NatAbs/data/original/HvM_with_discfade/Variation06_20110131/_05_future_rx+70.542_ry+138.504_rz+105.988_tx+00.126_ty+00.657_s+01.560_ce56947cdc2d9a42e498addc1c5930506d1d7dab_256x256.png,2c68f9d97ad65016297b0e16056f4708fcefef60,_05_future,0.8542546644600499,166.82535281351707,-0.16056685391951697,-14.448185675790157,0.37224853429415905,62.81474901773386,0.17948717948717907,256.0,0.126,0.657,6,6,1,7,2,2,True
81,1dc24c43530afa3ca21470b68a79bdb784fcf61f_V6,1dc24c43530afa3ca21470b68a79bdb784fcf61f,Planes,/home/mark/projects/code/RNN_NatAbs/data/original/HvM_with_discfade/Variation06_20110131/_05_future_rx+42.186_ry+46.683_rz+144.362_tx+00.225_ty+00.897_s+01.050_1dc24c43530afa3ca21470b68a79bdb784fcf61f_256x256.png,3cda5edd419e73c6b766233e91b20a3ae2eaffe9,_05_future,0.5698430248847643,141.24281024535966,0.33974818161798215,30.552650195630342,0.1294931848374392,22.019880032640593,-0.6252465483234715,256.0,0.225,0.897,6,6,1,7,2,1,True
82,7621f9c4bf13db6a09363239b8d1ef5828368bc4_V6,7621f9c4bf13db6a09363239b8d1ef5828368bc4,Planes,/home/mark/projects/code/RNN_NatAbs/data/original/HvM_with_discfade/Variation06_20110131/_01_Airliner_2jetEngines_rx-71.417_ry+163.668_rz+177.944_tx+00.079_ty+00.202_s+01.071_7621f9c4bf13db6a09363239b8d1ef5828368bc4_256x256.png,45873440c5f3e2fff48302ec8d33409170d99019,_01_Airliner_2jetEngines,-0.9403681924323534,5.400821458902258,-0.1979147079879221,-17.807438409972864,0.08845068881369245,15.122716893467544,-0.5921104536489155,256.0,0.079,0.202,6,6,0,7,1,5,True
83,adb1c0b4433df6619626334cf3ffcd16ffe2b8b8_V6,adb1c0b4433df6619626334cf3ffcd16ffe2b8b8,Planes,/home/mark/projects/code/RNN_NatAbs/data/original/HvM_with_discfade/Variation06_20110131/_01_Airliner_2jetEngines_rx+75.492_ry+139.056_rz+74.860_tx+00.309_ty-00.706_s+01.859_adb1c0b4433df6619626334cf3ffcd16ffe2b8b8_256x256.png,084a75d5597eea15c0c8dad2fbf781cdb7a3ac63,_01_Airliner_2jetEngines,0.8937243687389984,170.37561324370418,-0.12120364433295305,-10.907661789526662,0.19480185313221088,32.994956679308345,0.6512820512820505,256.0,0.309,-0.706,6,6,0,7,1,7,True
84,e2434f44be808df37a645952d707bafec43e1385_V3,e2434f44be808df37a645952d707bafec43e1385,Planes,/home/mark/projects/code/RNN_NatAbs/data/original/HvM_with_discfade/Variation03_20110128/_01_Airliner_2jetEngines_rx+09.575_ry+87.212_rz+54.229_tx-00.277_ty-00.488_s+01.446_e2434f44be808df37a645952d707bafec43e1385_256x256.png,5a5947b8e8fc8857bce155770a0f2c58821e73fe,_01_Airliner_2jetEngines,0.10672866250716284,99.58613646385679,0.03063126930736404,2.7491295178516983,-0.2171609489824794,-36.235107978842336,-0.00039447731755470894,256.0,-0.277,-0.488,3,6,0,7,1,9,True
85,2a2f3aff2e634fdfa8936f8c7e97dc9875e39f93_V6,2a2f3aff2e634fdfa8936f8c7e97dc9875e39f93,Planes,/home/mark/projects/code/RNN_NatAbs/data/original/HvM_with_discfade/Variation06_20110131/_01_Airliner_2jetEngines_rx+07.446_ry+142.996_rz+75.035_tx-00.376_ty+00.307_s+01.681_2a2f3aff2e634fdfa8936f8c7e97dc9875e39f93_256x256.png,18615dec903788b06aac869cecfbfa7c18a43363,_01_Airliner_2jetEngines,0.1363589343113012,102.25134978236724,-0.5820624549485679,-52.35960751034825,-0.03253267835812801,-5.20845448625847,0.3704142011834315,256.0,-0.376,0.307,6,6,0,7,1,6,True
86,987cbd5f20914fe67b786813107a9bf1f7872b93_V6,987cbd5f20914fe67b786813107a9bf1f7872b93,Planes,/home/mark/projects/code/RNN_NatAbs/data/original/HvM_with_discfade/Variation06_20110131/_01_Airliner_2jetEngines_rx-14.979_ry+124.994_rz+53.775_tx-00.026_ty-01.003_s+01.743_987cbd5f20914fe67b786813107a9bf1f7872b93_256x256.png,d94ac391056872e35dfedada61968043883eec4f,_01_Airliner_2jetEngines,-0.20092660080531466,71.91285318416276,-0.3739632684226415,-33.64212617827374,-0.2781309030755158,-46.48106669744111,0.46824457593688296,256.0,-0.026,-1.003,6,6,0,7,1,8,True
87,4c625a9945aaf9ce5d9ae7f90688c9979b1e42b6_V3,4c625a9945aaf9ce5d9ae7f90688c9979b1e42b6,Planes,/home/mark/projects/code/RNN_NatAbs/data/original/HvM_with_discfade/Variation03_20110128/_01_Airliner_2jetEngines_rx-09.588_ry+86.219_rz+117.995_tx-00.137_ty+00.551_s+01.150_4c625a9945aaf9ce5d9ae7f90688c9979b1e42b6_256x256.png,edb4fd56331635c3f3fba13012231261844816c8,_01_Airliner_2jetEngines,-0.10666628126521427,80.39147466647525,0.041515457223915586,3.728107800005947,0.16880177874282642,28.62566211714376,-0.46745562130177565,256.0,-0.137,0.551,3,6,0,7,1,2,True
88,dad2b3a55bd2db206d63baf22ed9b7ca359c7761_V0,dad2b3a55bd2db206d63baf22ed9b7ca359c7761,Tables,/home/mark/projects/code/RNN_NatAbs/data/original/HvM_with_discfade/Variation00_20110203/_10_rx+00.000_ry+00.000_rz+00.000_tx+00.000_ty+00.000_s+00.700_dad2b3a55bd2db206d63baf22ed9b7ca359c7761_256x256.png,20a3e7ecfb4f8f1ff490a5caf4508be9797155eb,_10,0.0001556437536824884,-0.0,6.670743231040888e-05,0.0,-0.001539070083442562,-0.0,-0.23076923076923106,256.0,0.0,0.0,0,7,1,8,2,5,True
89,53d9385523ac2f6c2a07443dac9c8095a4f0a118_V6,53d9385523ac2f6c2a07443dac9c8095a4f0a118,Tables,/home/mark/projects/code/RNN_NatAbs/data/original/HvM_with_discfade/Variation06_20110131/_10_rx+85.854_ry-15.542_rz+51.134_tx+00.076_ty-00.811_s+00.513_53d9385523ac2f6c2a07443dac9c8095a4f0a118_256x256.png,1af6f64a4f86d2d3784e5d50c633cfead3879653,_10,-0.17263115765600512,-15.542000000000002,0.9545833564956239,85.85399999999998,0.30274066773495156,51.13399999999999,-0.7787545787545788,256.0,0.076,-0.811,6,7,1,8,2,8,True
90,314ca82cab5c62871f06597cb1974f044479064d_V6,314ca82cab5c62871f06597cb1974f044479064d,Tables,/home/mark/projects/code/RNN_NatAbs/data/original/HvM_with_discfade/Variation06_20110131/_10_rx+48.667_ry-35.959_rz-64.416_tx-00.264_ty-01.095_s+00.911_314ca82cab5c62871f06597cb1974f044479064d_256x256.png,9d717713b45844db7bc4947aa161856d7a3476fc,_10,-0.3996153375801844,-35.959,0.5411418088831959,48.66700000000001,-0.3848551335893228,-64.416,0.3875457875457875,256.0,-0.264,-1.095,6,7,1,8,2,9,True
91,e538f8965d92b00222516d74e25b63d6c9ff56a1_V6,e538f8965d92b00222516d74e25b63d6c9ff56a1,Tables,/home/mark/projects/code/RNN_NatAbs/data/original/HvM_with_discfade/Variation06_20110131/_10_rx-66.689_ry-48.817_rz+00.642_tx-00.289_ty+01.069_s+00.592_e538f8965d92b00222516d74e25b63d6c9ff56a1_256x256.png,26c137301fa094610c7ddfe55acff1a3b0008002,_10,-0.5425630079267141,-48.81699999999999,-0.7413752848963326,-66.689,0.002281237181379403,0.6420000000000001,-0.5472527472527473,256.0,-0.289,1.069,6,7,1,8,2,3,True
92,6f12c08aa0182fb9ebf9f4a2cb5583dca052fb92_V6,6f12c08aa0182fb9ebf9f4a2cb5583dca052fb92,Tables,/home/mark/projects/code/RNN_NatAbs/data/original/HvM_with_discfade/Variation06_20110131/_10_rx+89.780_ry-55.981_rz+85.872_tx-00.474_ty-00.214_s+00.816_6f12c08aa0182fb9ebf9f4a2cb5583dca052fb92_256x256.png,348af1f8745e58ca3c8b0836bb74c489c4cf487d,_10,-0.6222081401683177,-55.981,0.9982322530435124,89.77999999999982,0.5094538044411623,85.872,0.10915750915750877,256.0,-0.474,-0.214,6,7,1,8,2,6,True
93,3f1fa086220d669b2f76c54368cc6855a5ceb91d_V6,3f1fa086220d669b2f76c54368cc6855a5ceb91d,Tables,/home/mark/projects/code/RNN_NatAbs/data/original/HvM_with_discfade/Variation06_20110131/_10_rx-09.197_ry-56.441_rz+32.494_tx+00.094_ty+00.535_s+00.867_3f1fa086220d669b2f76c54368cc6855a5ceb91d_256x256.png,81858e98a903cf39de1d802e22a03f9f5104b7e4,_10,-0.6273221492178902,-56.441,-0.10218466840848095,-9.197,0.1918208430989976,32.49399999999999,0.25860805860805836,256.0,0.094,0.535,6,7,1,8,2,2,True
94,b1188ce0d9f37b1f937e9ba24ab75ff26101052f_V3,b1188ce0d9f37b1f937e9ba24ab75ff26101052f,Tables,/home/mark/projects/code/RNN_NatAbs/data/original/HvM_with_discfade/Variation03_20110128/_38_rx-02.830_ry+39.717_rz+22.827_tx-00.018_ty-00.169_s+00.847_b1188ce0d9f37b1f937e9ba24ab75ff26101052f_256x256.png,680692437d22a3439112774822a65c9f807420c8,_38,0.44170585554036146,39.71699999999999,-0.031396964811838624,-2.8299999999999996,0.13429606065501876,22.827,0.1999999999999995,256.0,-0.018,-0.169,3,7,6,8,7,5,True
95,0c04a361705461916339257186311d8be9c7ba46_V3,0c04a361705461916339257186311d8be9c7ba46,Tables,/home/mark/projects/code/RNN_NatAbs/data/original/HvM_with_discfade/Variation03_20110128/_38_rx-03.172_ry+18.082_rz+11.946_tx-00.258_ty-00.381_s+00.832_0c04a361705461916339257186311d8be9c7ba46_256x256.png,e6b06cc28405b6fc61e6ecfec4a7cf55f9630a5b,_38,0.20118066904579246,18.081999999999997,-0.03519928845406439,-3.172,0.06954720808721748,11.946,0.1560439560439557,256.0,-0.258,-0.381,3,7,6,8,7,6,True
96,143d6b27b4bc2c4ca83adcb732804b927f3122a6_V6,143d6b27b4bc2c4ca83adcb732804b927f3122a6,Tables,/home/mark/projects/code/RNN_NatAbs/data/original/HvM_with_discfade/Variation06_20110131/_38_rx+61.765_ry-42.901_rz-17.900_tx-00.383_ty-00.910_s+00.792_143d6b27b4bc2c4ca83adcb732804b927f3122a6_256x256.png,de0c080a19573ef761bb7847e7a10472fe8f2904,_38,-0.4767924045848204,-42.90100000000001,0.6867641336372114,61.765,-0.10805542528642409,-17.9,0.03882783882783847,256.0,-0.383,-0.91,6,7,6,8,7,9,True
97,cd8cb8b852666f43863735bc47fe44d580d0ed8d_V6,cd8cb8b852666f43863735bc47fe44d580d0ed8d,Tables,/home/mark/projects/code/RNN_NatAbs/data/original/HvM_with_discfade/Variation06_20110131/_38_rx-24.783_ry-73.540_rz+10.878_tx+00.360_ty+00.501_s+00.854_cd8cb8b852666f43863735bc47fe44d580d0ed8d_256x256.png,0c38bd515d05d8df2295290e16b9c3bad481bcdc,_38,-0.8174187595192832,-73.54,-0.27546834176442014,-24.783,0.06319193058125183,10.878,0.22051282051282017,256.0,0.36,0.501,6,7,6,8,7,1,True
98,3b9b91683804878c97728c1323e3f9efb13a83ef_V3,3b9b91683804878c97728c1323e3f9efb13a83ef,Tables,/home/mark/projects/code/RNN_NatAbs/data/original/HvM_with_discfade/Variation03_20110128/_38_rx-37.125_ry-41.816_rz+11.940_tx-00.094_ty-00.502_s+00.621_3b9b91683804878c97728c1323e3f9efb13a83ef_256x256.png,7e1ecf6faade1bd5e8220838545e10769424347d,_38,-0.4647300136744156,-41.816,-0.4126855300461475,-37.125,0.06951150428100417,11.939999999999998,-0.4622710622710623,256.0,-0.094,-0.502,3,7,6,8,7,8,True
99,fa1c4ed63b1b49e9aa5e2d82aaf289b4f05c0ae8_V3,fa1c4ed63b1b49e9aa5e2d82aaf289b4f05c0ae8,Tables,/home/mark/projects/code/RNN_NatAbs/data/original/HvM_with_discfade/Variation03_20110128/_38_rx-15.128_ry+43.251_rz-34.460_tx+00.285_ty+00.152_s+00.871_fa1c4ed63b1b49e9aa5e2d82aaf289b4f05c0ae8_256x256.png,d0bbb603bc20b3580ced64bd8c3c12b86949c765,_38,0.4809947859342516,43.25099999999999,-0.16812496525655451,-15.128,-0.20659793043510422,-34.46,0.27032967032967026,256.0,0.285,0.152,3,7,6,8,7,4,True
